#pragma once

namespace TcpGecko
{
	// latestCodeHandler[] (CODE_HANDLER_MODE_LATEST)
	static const unsigned char latestCodeHandler[] = {
		0x91, 0x21, 0xFF, 0x00,
		0x7D, 0x20, 0x00, 0x26,
		0x91, 0x21, 0xFF, 0x04,
		0x3D, 0x20, 0x10, 0x01,
		0x61, 0x29, 0x4E, 0xFC,
		0xBC, 0x09, 0x00, 0x04,
		0xD8, 0x09, 0x00, 0x84,
		0xD8, 0x29, 0x00, 0x8C,
		0xD8, 0x49, 0x00, 0x94,
		0xD8, 0x69, 0x00, 0x9C,
		0xD8, 0x89, 0x00, 0xA4,
		0xD8, 0xA9, 0x00, 0xAC,
		0xD8, 0xC9, 0x00, 0xB4,
		0xD8, 0xE9, 0x00, 0xBC,
		0xD9, 0x09, 0x00, 0xC4,
		0xD9, 0x29, 0x00, 0xCC,
		0xD9, 0x49, 0x00, 0xD4,
		0xD9, 0x69, 0x00, 0xDC,
		0xD9, 0x89, 0x00, 0xE4,
		0xD9, 0xA9, 0x00, 0xEC,
		0xD9, 0xC9, 0x00, 0xF4,
		0xD9, 0xE9, 0x00, 0xFC,
		0xDA, 0x09, 0x01, 0x04,
		0xDA, 0x29, 0x01, 0x0C,
		0xDA, 0x49, 0x01, 0x14,
		0xDA, 0x69, 0x01, 0x1C,
		0xDA, 0x89, 0x01, 0x24,
		0xDA, 0xA9, 0x01, 0x2C,
		0xDA, 0xC9, 0x01, 0x34,
		0xDA, 0xE9, 0x01, 0x3C,
		0xDB, 0x09, 0x01, 0x44,
		0xDB, 0x29, 0x01, 0x4C,
		0xDB, 0x49, 0x01, 0x54,
		0xDB, 0x69, 0x01, 0x5C,
		0xDB, 0x89, 0x01, 0x64,
		0xDB, 0xA9, 0x01, 0x6C,
		0xDB, 0xC9, 0x01, 0x74,
		0xDB, 0xE9, 0x01, 0x7C,
		0x7F, 0xE8, 0x02, 0xA6,
		0x93, 0xE9, 0x01, 0x84,
		0x7F, 0xE9, 0x02, 0xA6,
		0x93, 0xE9, 0x01, 0x88,
		0x7F, 0xE1, 0x02, 0xA6,
		0x93, 0xE9, 0x01, 0x8C,
		0x7D, 0x3F, 0x4B, 0x78,
		0x3B, 0xFF, 0x01, 0x90,
		0x7D, 0xCE, 0x72, 0x78,
		0x7D, 0xDC, 0x73, 0x78,
		0x81, 0x29, 0x00, 0x00,
		0x2C, 0x09, 0x00, 0x00,
		0x41, 0x82, 0x01, 0xEC,
		0x3B, 0xFF, 0x00, 0x04,
		0x3C, 0xC0, 0x01, 0x13,
		0x60, 0xDE, 0x30, 0x00,
		0x3C, 0xE0, 0x01, 0x13,
		0x60, 0xFD, 0xD6, 0x00,
		0x3D, 0xE0, 0x10, 0x00,
		0x65, 0xF0, 0x00, 0x06,
		0x82, 0x10, 0x06, 0x10,
		0x56, 0x11, 0x80, 0x3E,
		0x3A, 0x10, 0xFF, 0xFC,
		0x28, 0x11, 0x50, 0x00,
		0x41, 0x81, 0x00, 0x0C,
		0x28, 0x11, 0x10, 0x00,
		0x40, 0x80, 0x00, 0x08,
		0x3E, 0x00, 0x50, 0x00,
		0x3E, 0x20, 0x43, 0x30,
		0x3E, 0x40, 0x80, 0x00,
		0x92, 0x3F, 0x00, 0x80,
		0x92, 0x3F, 0x00, 0x88,
		0x92, 0x5F, 0x00, 0x84,
		0x7F, 0x7E, 0xE0, 0x6E,
		0x7C, 0x1E, 0xE8, 0x40,
		0x40, 0x80, 0x01, 0x68,
		0x82, 0xBE, 0x00, 0x04,
		0x7E, 0xB4, 0xAB, 0x78,
		0xC3, 0xFE, 0x00, 0x04,
		0x57, 0x76, 0x04, 0x3E,
		0x57, 0x77, 0x07, 0x3E,
		0x57, 0x78, 0xC7, 0x3E,
		0x57, 0x79, 0x87, 0x3E,
		0x57, 0x7A, 0x67, 0x3E,
		0x57, 0x7B, 0x46, 0x3E,
		0x1E, 0xF7, 0x00, 0x04,
		0x1F, 0x18, 0x00, 0x04,
		0x2C, 0x1B, 0x00, 0x00,
		0x41, 0x82, 0x02, 0xF4,
		0x2C, 0x1B, 0x00, 0x01,
		0x41, 0x82, 0x03, 0x54,
		0x2C, 0x1B, 0x00, 0x02,
		0x41, 0x82, 0x03, 0xE0,
		0x2C, 0x1B, 0x00, 0x03,
		0x41, 0x82, 0x04, 0x60,
		0x2C, 0x1B, 0x00, 0x04,
		0x41, 0x82, 0x04, 0x58,
		0x2C, 0x1B, 0x00, 0x05,
		0x41, 0x82, 0x04, 0x50,
		0x2C, 0x1B, 0x00, 0x06,
		0x41, 0x82, 0x04, 0x48,
		0x2C, 0x1B, 0x00, 0x07,
		0x41, 0x82, 0x04, 0x40,
		0x2C, 0x1B, 0x00, 0x08,
		0x41, 0x82, 0x04, 0x38,
		0x2C, 0x1B, 0x00, 0x09,
		0x41, 0x82, 0x04, 0x30,
		0x2C, 0x1B, 0x00, 0x0A,
		0x41, 0x82, 0x04, 0x28,
		0x2C, 0x1B, 0x00, 0x0B,
		0x41, 0x82, 0x04, 0x20,
		0x2C, 0x1B, 0x00, 0x0C,
		0x41, 0x82, 0x05, 0x5C,
		0x2C, 0x1B, 0x00, 0x0D,
		0x41, 0x82, 0x05, 0xD8,
		0x2C, 0x1B, 0x00, 0x0F,
		0x41, 0x82, 0x06, 0x3C,
		0x2C, 0x1B, 0x00, 0x10,
		0x41, 0x82, 0x06, 0x60,
		0x2C, 0x1B, 0x00, 0x11,
		0x41, 0x82, 0x06, 0xC8,
		0x2C, 0x1B, 0x00, 0x12,
		0x41, 0x82, 0x07, 0x18,
		0x2C, 0x1B, 0x00, 0x13,
		0x41, 0x82, 0x07, 0x68,
		0x2C, 0x1B, 0x00, 0x14,
		0x41, 0x82, 0x07, 0xB8,
		0x2C, 0x1B, 0x00, 0x15,
		0x41, 0x82, 0x08, 0x7C,
		0x2C, 0x1B, 0x00, 0x20,
		0x41, 0x82, 0x09, 0x3C,
		0x2C, 0x1B, 0x00, 0x30,
		0x41, 0x82, 0x09, 0xA4,
		0x2C, 0x1B, 0x00, 0x31,
		0x41, 0x82, 0x0A, 0x10,
		0x2C, 0x1B, 0x00, 0x32,
		0x41, 0x82, 0x0A, 0x48,
		0x2C, 0x1B, 0x00, 0x33,
		0x41, 0x82, 0x0A, 0x00,
		0x2C, 0x1B, 0x00, 0x34,
		0x41, 0x82, 0x0A, 0x38,
		0x2C, 0x1B, 0x00, 0x80,
		0x41, 0x82, 0x0A, 0x88,
		0x2C, 0x1B, 0x00, 0x81,
		0x41, 0x82, 0x0A, 0x80,
		0x2C, 0x1B, 0x00, 0xC0,
		0x41, 0x82, 0x0A, 0xD4,
		0x2C, 0x1B, 0x00, 0xC1,
		0x41, 0x82, 0x0B, 0x48,
		0x2C, 0x1B, 0x00, 0xC2,
		0x41, 0x82, 0x0B, 0x78,
		0x2C, 0x1B, 0x00, 0xC3,
		0x41, 0x82, 0x0B, 0xF0,
		0x2C, 0x1B, 0x00, 0xC4,
		0x41, 0x82, 0x0C, 0x68,
		0x2C, 0x1B, 0x00, 0xD0,
		0x41, 0x82, 0x0C, 0xD0,
		0x2C, 0x1B, 0x00, 0xD1,
		0x41, 0x82, 0x0C, 0xF4,
		0x2C, 0x1B, 0x00, 0xD2,
		0x41, 0x82, 0x0C, 0xC0,
		0x2C, 0x1B, 0x00, 0xF0,
		0x41, 0x82, 0x0D, 0x5C,
		0x3B, 0x80, 0x00, 0x08,
		0x4B, 0xFF, 0xFE, 0x80,
		0x7D, 0xCE, 0x72, 0x78,
		0x7D, 0xDC, 0x73, 0x78,
		0x91, 0xDF, 0x00, 0x90,
		0x91, 0xDF, 0x00, 0x94,
		0x3A, 0x9F, 0x00, 0xC0,
		0x7D, 0xD4, 0xE1, 0x2E,
		0x3B, 0x9C, 0x00, 0x04,
		0x28, 0x1C, 0x00, 0x7C,
		0x40, 0x81, 0xFF, 0xF4,
		0x48, 0x00, 0x00, 0x14,
		0x7D, 0xDF, 0xE1, 0x2E,
		0x3B, 0x9C, 0x00, 0x04,
		0x28, 0x1C, 0x06, 0xB4,
		0x41, 0x80, 0xFF, 0xF4,
		0x3D, 0x20, 0x10, 0x01,
		0x61, 0x29, 0x4E, 0xFC,
		0x80, 0x09, 0x00, 0x04,
		0x80, 0x29, 0x00, 0x08,
		0x80, 0x49, 0x00, 0x0C,
		0x80, 0x69, 0x00, 0x10,
		0x80, 0x89, 0x00, 0x14,
		0x80, 0xA9, 0x00, 0x18,
		0x80, 0xC9, 0x00, 0x1C,
		0x80, 0xE9, 0x00, 0x20,
		0x81, 0x09, 0x00, 0x24,
		0x81, 0x49, 0x00, 0x2C,
		0x81, 0x69, 0x00, 0x30,
		0x81, 0x89, 0x00, 0x34,
		0x81, 0xA9, 0x00, 0x38,
		0x81, 0xC9, 0x00, 0x3C,
		0x81, 0xE9, 0x00, 0x40,
		0x82, 0x09, 0x00, 0x44,
		0x82, 0x29, 0x00, 0x48,
		0x82, 0x49, 0x00, 0x4C,
		0x82, 0x69, 0x00, 0x50,
		0x82, 0x89, 0x00, 0x54,
		0x82, 0xA9, 0x00, 0x58,
		0x82, 0xC9, 0x00, 0x5C,
		0x82, 0xE9, 0x00, 0x60,
		0x83, 0x09, 0x00, 0x64,
		0x83, 0x29, 0x00, 0x68,
		0x83, 0x49, 0x00, 0x6C,
		0x83, 0x69, 0x00, 0x70,
		0x83, 0x89, 0x00, 0x74,
		0x83, 0xA9, 0x00, 0x78,
		0x83, 0xC9, 0x00, 0x7C,
		0xC8, 0x09, 0x00, 0x84,
		0xC8, 0x29, 0x00, 0x8C,
		0xC8, 0x49, 0x00, 0x94,
		0xC8, 0x69, 0x00, 0x9C,
		0xC8, 0x89, 0x00, 0xA4,
		0xC8, 0xA9, 0x00, 0xAC,
		0xC8, 0xC9, 0x00, 0xB4,
		0xC8, 0xE9, 0x00, 0xBC,
		0xC9, 0x09, 0x00, 0xC4,
		0xC9, 0x29, 0x00, 0xCC,
		0xC9, 0x49, 0x00, 0xD4,
		0xC9, 0x69, 0x00, 0xDC,
		0xC9, 0x89, 0x00, 0xE4,
		0xC9, 0xA9, 0x00, 0xEC,
		0xC9, 0xC9, 0x00, 0xF4,
		0xC9, 0xE9, 0x00, 0xFC,
		0xCA, 0x09, 0x01, 0x04,
		0xCA, 0x29, 0x01, 0x0C,
		0xCA, 0x49, 0x01, 0x14,
		0xCA, 0x69, 0x01, 0x1C,
		0xCA, 0x89, 0x01, 0x24,
		0xCA, 0xA9, 0x01, 0x2C,
		0xCA, 0xC9, 0x01, 0x34,
		0xCA, 0xE9, 0x01, 0x3C,
		0xCB, 0x09, 0x01, 0x44,
		0xCB, 0x29, 0x01, 0x4C,
		0xCB, 0x49, 0x01, 0x54,
		0xCB, 0x69, 0x01, 0x5C,
		0xCB, 0x89, 0x01, 0x64,
		0xCB, 0xA9, 0x01, 0x6C,
		0xCB, 0xC9, 0x01, 0x74,
		0xCB, 0xE9, 0x01, 0x7C,
		0x83, 0xE1, 0xFF, 0x04,
		0x7F, 0xEF, 0xF1, 0x20,
		0x83, 0xE9, 0x01, 0x84,
		0x7F, 0xE8, 0x03, 0xA6,
		0x83, 0xE9, 0x01, 0x88,
		0x7F, 0xE9, 0x03, 0xA6,
		0x83, 0xE9, 0x01, 0x8C,
		0x7F, 0xE1, 0x03, 0xA6,
		0x83, 0xE9, 0x00, 0x80,
		0x81, 0x21, 0xFF, 0x00,
		0x4E, 0x80, 0x00, 0x20,
		0x43, 0x4F, 0x44, 0x45,
		0x54, 0x59, 0x50, 0x45,
		0x20, 0x53, 0x45, 0x54,
		0x54, 0x49, 0x4E, 0x47,
		0x53, 0x00, 0x00, 0x00,
		0x82, 0x74, 0x00, 0x00,
		0x2C, 0x19, 0x00, 0x00,
		0x40, 0x82, 0x00, 0x0C,
		0x56, 0xB5, 0xC0, 0x10,
		0x56, 0x73, 0x02, 0x3E,
		0x2C, 0x19, 0x00, 0x01,
		0x40, 0x82, 0x00, 0x0C,
		0x56, 0xB5, 0x80, 0x20,
		0x56, 0x73, 0x04, 0x3E,
		0x2C, 0x19, 0x00, 0x02,
		0x4D, 0x82, 0x00, 0x20,
		0x7E, 0xB5, 0x9A, 0x78,
		0x4E, 0x80, 0x00, 0x20,
		0x61, 0xCE, 0x00, 0x01,
		0x4B, 0xFF, 0xFC, 0xCC,
		0x52, 0x41, 0x4D, 0x20,
		0x57, 0x72, 0x69, 0x74,
		0x65, 0x73, 0x00, 0x00,
		0x3B, 0x80, 0x00, 0x10,
		0x28, 0x19, 0x00, 0x02,
		0x41, 0x81, 0x00, 0x4C,
		0x28, 0x1A, 0x00, 0x01,
		0x41, 0x81, 0x00, 0x44,
		0x2C, 0x1A, 0x00, 0x00,
		0x41, 0x82, 0x00, 0x10,
		0x82, 0x9F, 0xFF, 0xFC,
		0x7E, 0x96, 0xA2, 0x14,
		0x3B, 0x80, 0x00, 0x08,
		0x2C, 0x0E, 0x00, 0x00,
		0x40, 0x82, 0xFC, 0x90,
		0x7C, 0x14, 0x78, 0x40,
		0x41, 0x80, 0x00, 0x20,
		0x7C, 0x14, 0x80, 0x40,
		0x41, 0x81, 0x00, 0x18,
		0x2C, 0x1A, 0x00, 0x00,
		0x40, 0x82, 0x00, 0x08,
		0x82, 0xBE, 0x00, 0x08,
		0x4B, 0xFF, 0xFF, 0x6D,
		0x92, 0xB4, 0x00, 0x00,
		0x4B, 0xFF, 0xFC, 0x68,
		0x53, 0x74, 0x72, 0x69,
		0x6E, 0x67, 0x20, 0x57,
		0x72, 0x69, 0x74, 0x65,
		0x73, 0x00, 0x00, 0x00,
		0x3B, 0x80, 0x00, 0x08,
		0x56, 0xD1, 0x07, 0x3E,
		0x7E, 0x32, 0xB2, 0x78,
		0x2C, 0x11, 0x00, 0x08,
		0x40, 0x81, 0x00, 0x08,
		0x1F, 0x9C, 0x00, 0x02,
		0x7F, 0x92, 0xE2, 0x14,
		0x3B, 0x9C, 0x00, 0x08,
		0x2C, 0x0E, 0x00, 0x00,
		0x40, 0x82, 0xFC, 0x30,
		0x28, 0x19, 0x00, 0x00,
		0x41, 0x81, 0x00, 0x58,
		0x28, 0x1A, 0x00, 0x01,
		0x41, 0x81, 0x00, 0x50,
		0x2C, 0x1A, 0x00, 0x00,
		0x41, 0x82, 0x00, 0x0C,
		0x82, 0x9F, 0xFF, 0xFC,
		0x7E, 0x95, 0xA2, 0x14,
		0x3A, 0xD6, 0xFF, 0xFF,
		0x48, 0x00, 0x00, 0x30,
		0x7E, 0x54, 0xB2, 0x14,
		0x7E, 0x7E, 0xB2, 0x14,
		0x7C, 0x12, 0x78, 0x40,
		0x41, 0x80, 0x00, 0x28,
		0x7C, 0x12, 0x80, 0x40,
		0x41, 0x81, 0x00, 0x20,
		0x7C, 0x13, 0xE8, 0x40,
		0x40, 0x80, 0x00, 0x18,
		0x8A, 0xB3, 0x00, 0x08,
		0x9A, 0xB2, 0x00, 0x00,
		0x3A, 0xD6, 0xFF, 0xFF,
		0x2C, 0x16, 0x00, 0x00,
		0x40, 0x80, 0xFF, 0xD0,
		0x4B, 0xFF, 0xFB, 0xD0,
		0x53, 0x6B, 0x69, 0x70,
		0x20, 0x57, 0x72, 0x69,
		0x74, 0x65, 0x73, 0x00,
		0x3B, 0x80, 0x00, 0x18,
		0x2C, 0x0E, 0x00, 0x00,
		0x40, 0x82, 0xFB, 0xB8,
		0x28, 0x19, 0x00, 0x02,
		0x41, 0x81, 0x00, 0x64,
		0x28, 0x1A, 0x00, 0x01,
		0x41, 0x81, 0x00, 0x5C,
		0x2C, 0x1A, 0x00, 0x00,
		0x41, 0x82, 0x00, 0x0C,
		0x82, 0x9F, 0xFF, 0xFC,
		0x7E, 0x95, 0xA2, 0x14,
		0x82, 0xBE, 0x00, 0x08,
		0x82, 0x3E, 0x00, 0x10,
		0x7E, 0x38, 0x8B, 0x78,
		0x82, 0x5E, 0x00, 0x0C,
		0x48, 0x00, 0x00, 0x30,
		0x7C, 0x14, 0x78, 0x40,
		0x41, 0x80, 0x00, 0x30,
		0x7C, 0x14, 0x80, 0x40,
		0x41, 0x81, 0x00, 0x28,
		0x4B, 0xFF, 0xFE, 0x6D,
		0x92, 0xB4, 0x00, 0x00,
		0x82, 0xBE, 0x00, 0x08,
		0x7E, 0xB5, 0x8A, 0x14,
		0x7E, 0x38, 0x8A, 0x14,
		0x7E, 0x94, 0x92, 0x14,
		0x3A, 0xD6, 0xFF, 0xFF,
		0x2C, 0x16, 0x00, 0x00,
		0x40, 0x82, 0xFF, 0xD0,
		0x4B, 0xFF, 0xFB, 0x4C,
		0x43, 0x6F, 0x6E, 0x64,
		0x69, 0x74, 0x69, 0x6F,
		0x6E, 0x61, 0x6C, 0x73,
		0x00, 0x00, 0x00, 0x00,
		0x3B, 0x80, 0x00, 0x10,
		0x2C, 0x0E, 0x00, 0x00,
		0x40, 0x82, 0xFB, 0x30,
		0x28, 0x19, 0x00, 0x02,
		0x41, 0x81, 0x01, 0x20,
		0x28, 0x1A, 0x00, 0x01,
		0x41, 0x81, 0x01, 0x18,
		0x2C, 0x1A, 0x00, 0x00,
		0x41, 0x82, 0x00, 0x0C,
		0x82, 0x9F, 0xFF, 0xFC,
		0x7E, 0x95, 0xA2, 0x14,
		0x7C, 0x14, 0x78, 0x40,
		0x41, 0x80, 0x01, 0x00,
		0x7C, 0x14, 0x80, 0x40,
		0x41, 0x81, 0x00, 0xF8,
		0x82, 0x3E, 0x00, 0x08,
		0x82, 0x5E, 0x00, 0x0C,
		0x82, 0xB4, 0x00, 0x00,
		0x2C, 0x19, 0x00, 0x00,
		0x40, 0x82, 0x00, 0x10,
		0x56, 0x31, 0x06, 0x3E,
		0x56, 0x52, 0x06, 0x3E,
		0x56, 0xB5, 0x46, 0x3E,
		0x2C, 0x19, 0x00, 0x01,
		0x40, 0x82, 0x00, 0x10,
		0x56, 0x31, 0x04, 0x3E,
		0x56, 0x52, 0x04, 0x3E,
		0x56, 0xB5, 0x84, 0x3E,
		0x2C, 0x1B, 0x00, 0x03,
		0x40, 0x82, 0x00, 0x10,
		0x7C, 0x15, 0x88, 0x00,
		0x41, 0x82, 0x00, 0xB4,
		0x4B, 0xFF, 0xFD, 0xE8,
		0x2C, 0x1B, 0x00, 0x04,
		0x40, 0x82, 0x00, 0x10,
		0x7C, 0x15, 0x88, 0x00,
		0x40, 0x82, 0x00, 0xA0,
		0x4B, 0xFF, 0xFD, 0xD4,
		0x2C, 0x1B, 0x00, 0x05,
		0x40, 0x82, 0x00, 0x10,
		0x7C, 0x15, 0x88, 0x00,
		0x41, 0x81, 0x00, 0x8C,
		0x4B, 0xFF, 0xFD, 0xC0,
		0x2C, 0x1B, 0x00, 0x06,
		0x40, 0x82, 0x00, 0x10,
		0x7C, 0x15, 0x88, 0x00,
		0x41, 0x80, 0x00, 0x78,
		0x4B, 0xFF, 0xFD, 0xAC,
		0x2C, 0x1B, 0x00, 0x07,
		0x40, 0x82, 0x00, 0x10,
		0x7C, 0x15, 0x88, 0x00,
		0x40, 0x80, 0x00, 0x64,
		0x4B, 0xFF, 0xFD, 0x98,
		0x2C, 0x1B, 0x00, 0x08,
		0x40, 0x82, 0x00, 0x10,
		0x7C, 0x15, 0x88, 0x00,
		0x40, 0x81, 0x00, 0x50,
		0x4B, 0xFF, 0xFD, 0x84,
		0x2C, 0x1B, 0x00, 0x09,
		0x40, 0x82, 0x00, 0x14,
		0x7E, 0xB5, 0x88, 0x38,
		0x7C, 0x15, 0x88, 0x00,
		0x41, 0x82, 0x00, 0x38,
		0x4B, 0xFF, 0xFD, 0x6C,
		0x2C, 0x1B, 0x00, 0x0A,
		0x40, 0x82, 0x00, 0x10,
		0x7E, 0xB5, 0x88, 0x39,
		0x40, 0x82, 0x00, 0x24,
		0x4B, 0xFF, 0xFD, 0x58,
		0x2C, 0x1B, 0x00, 0x0B,
		0x40, 0x82, 0x00, 0x14,
		0x7C, 0x15, 0x88, 0x00,
		0x40, 0x81, 0xFD, 0x48,
		0x7C, 0x15, 0x90, 0x00,
		0x41, 0x80, 0x00, 0x08,
		0x4B, 0xFF, 0xFD, 0x3C,
		0x4B, 0xFF, 0xFA, 0x08,
		0x54, 0x69, 0x6D, 0x65,
		0x20, 0x44, 0x65, 0x70,
		0x65, 0x6E, 0x64, 0x65,
		0x6E, 0x63, 0x65, 0x00,
		0x3B, 0x80, 0x00, 0x08,
		0x28, 0x19, 0x00, 0x00,
		0x41, 0x81, 0x00, 0x6C,
		0x28, 0x1A, 0x00, 0x00,
		0x41, 0x81, 0x00, 0x64,
		0x82, 0x9F, 0x00, 0x94,
		0xA2, 0x7F, 0x00, 0x92,
		0x8A, 0x5F, 0x00, 0x91,
		0x2C, 0x12, 0x00, 0x00,
		0x40, 0x82, 0x00, 0x18,
		0x62, 0x52, 0x00, 0x02,
		0x3A, 0x7E, 0xD0, 0x00,
		0x56, 0x73, 0x04, 0x3E,
		0x7E, 0x73, 0x93, 0xD6,
		0x3A, 0x73, 0x01, 0x40,
		0x7E, 0x3F, 0x98, 0x2E,
		0x7C, 0x14, 0xF0, 0x40,
		0x41, 0x81, 0x00, 0x0C,
		0x2C, 0x14, 0x00, 0x00,
		0x40, 0x82, 0x00, 0x14,
		0x2C, 0x12, 0x00, 0x00,
		0x40, 0x82, 0x00, 0x08,
		0x3A, 0x31, 0x00, 0x01,
		0x93, 0xDF, 0x00, 0x94,
		0x9A, 0x5F, 0x00, 0x91,
		0xB2, 0x7F, 0x00, 0x92,
		0x7E, 0x3F, 0x99, 0x2E,
		0x7C, 0x11, 0xA8, 0x40,
		0x41, 0x81, 0xFC, 0xB4,
		0x4B, 0xFF, 0xF9, 0x80,
		0x52, 0x65, 0x73, 0x65,
		0x74, 0x20, 0x54, 0x69,
		0x6D, 0x65, 0x72, 0x00,
		0x3B, 0x80, 0x00, 0x08,
		0x2C, 0x0E, 0x00, 0x00,
		0x40, 0x82, 0xF9, 0x68,
		0x28, 0x19, 0x00, 0x00,
		0x41, 0x81, 0x00, 0x44,
		0x28, 0x1A, 0x00, 0x01,
		0x41, 0x81, 0x00, 0x3C,
		0x2C, 0x1A, 0x00, 0x00,
		0x41, 0x82, 0x00, 0x0C,
		0x82, 0x9F, 0xFF, 0xFC,
		0x7E, 0x95, 0xA2, 0x14,
		0x7C, 0x14, 0x78, 0x40,
		0x41, 0x80, 0x00, 0x24,
		0x7C, 0x14, 0x80, 0x40,
		0x41, 0x81, 0x00, 0x1C,
		0x7E, 0x52, 0x92, 0x78,
		0xA2, 0x34, 0x00, 0x00,
		0xA2, 0x7F, 0x00, 0x92,
		0x7C, 0x11, 0xB0, 0x00,
		0x40, 0x82, 0x00, 0x08,
		0x7E, 0x5F, 0x99, 0x2E,
		0x4B, 0xFF, 0xF9, 0x1C,
		0x4E, 0x65, 0x67, 0x61,
		0x74, 0x65, 0x20, 0x43,
		0x6F, 0x6E, 0x64, 0x69,
		0x74, 0x69, 0x6F, 0x6E,
		0x61, 0x6C, 0x00, 0x00,
		0x3B, 0x80, 0x00, 0x08,
		0x28, 0x19, 0x00, 0x00,
		0x41, 0x81, 0x00, 0x10,
		0x28, 0x1A, 0x00, 0x00,
		0x41, 0x81, 0x00, 0x08,
		0x69, 0xCE, 0x00, 0x01,
		0x4B, 0xFF, 0xF8, 0xEC,
		0x4C, 0x6F, 0x61, 0x64,
		0x20, 0x49, 0x6E, 0x74,
		0x65, 0x67, 0x65, 0x72,
		0x00, 0x00, 0x00, 0x00,
		0x3B, 0x80, 0x00, 0x08,
		0x2C, 0x0E, 0x00, 0x00,
		0x40, 0x82, 0xF8, 0xD0,
		0x28, 0x19, 0x00, 0x02,
		0x41, 0x81, 0x00, 0x4C,
		0x28, 0x1A, 0x00, 0x01,
		0x41, 0x81, 0x00, 0x44,
		0x2C, 0x1A, 0x00, 0x00,
		0x41, 0x82, 0x00, 0x0C,
		0x82, 0x9F, 0xFF, 0xFC,
		0x7E, 0x95, 0xA2, 0x14,
		0x7C, 0x14, 0x78, 0x40,
		0x41, 0x80, 0x00, 0x2C,
		0x7C, 0x14, 0x80, 0x40,
		0x41, 0x81, 0x00, 0x24,
		0x82, 0xB4, 0x00, 0x00,
		0x2C, 0x19, 0x00, 0x00,
		0x40, 0x82, 0x00, 0x08,
		0x56, 0xB5, 0x46, 0x3E,
		0x2C, 0x19, 0x00, 0x01,
		0x40, 0x82, 0x00, 0x08,
		0x56, 0xB5, 0x84, 0x3E,
		0x7E, 0xBF, 0xB9, 0x2E,
		0x4B, 0xFF, 0xF8, 0x7C,
		0x53, 0x74, 0x6F, 0x72,
		0x65, 0x20, 0x49, 0x6E,
		0x74, 0x65, 0x67, 0x65,
		0x72, 0x00, 0x00, 0x00,
		0x3B, 0x80, 0x00, 0x08,
		0x2C, 0x0E, 0x00, 0x00,
		0x40, 0x82, 0xF8, 0x60,
		0x28, 0x19, 0x00, 0x02,
		0x41, 0x81, 0x00, 0x38,
		0x28, 0x1A, 0x00, 0x01,
		0x41, 0x81, 0x00, 0x30,
		0x2C, 0x1A, 0x00, 0x00,
		0x41, 0x82, 0x00, 0x0C,
		0x82, 0x9F, 0xFF, 0xFC,
		0x7E, 0x95, 0xA2, 0x14,
		0x7C, 0x14, 0x78, 0x40,
		0x41, 0x80, 0x00, 0x18,
		0x7C, 0x14, 0x80, 0x40,
		0x41, 0x81, 0x00, 0x10,
		0x7E, 0xBF, 0xB8, 0x2E,
		0x4B, 0xFF, 0xFB, 0x25,
		0x92, 0xB4, 0x00, 0x00,
		0x4B, 0xFF, 0xF8, 0x20,
		0x4C, 0x6F, 0x61, 0x64,
		0x20, 0x46, 0x6C, 0x6F,
		0x61, 0x74, 0x00, 0x00,
		0x3B, 0x80, 0x00, 0x08,
		0x2C, 0x0E, 0x00, 0x00,
		0x40, 0x82, 0xF8, 0x08,
		0x28, 0x19, 0x00, 0x00,
		0x41, 0x81, 0x00, 0x38,
		0x28, 0x1A, 0x00, 0x01,
		0x41, 0x81, 0x00, 0x30,
		0x2C, 0x1A, 0x00, 0x00,
		0x41, 0x82, 0x00, 0x0C,
		0x82, 0x9F, 0xFF, 0xFC,
		0x7E, 0x95, 0xA2, 0x14,
		0x7C, 0x14, 0x78, 0x40,
		0x41, 0x80, 0x00, 0x18,
		0x7C, 0x14, 0x80, 0x40,
		0x41, 0x81, 0x00, 0x10,
		0x3A, 0xF7, 0x00, 0x40,
		0xC3, 0xF4, 0x00, 0x00,
		0x7F, 0xFF, 0xBD, 0x2E,
		0x4B, 0xFF, 0xF7, 0xC8,
		0x53, 0x74, 0x6F, 0x72,
		0x65, 0x20, 0x46, 0x6C,
		0x6F, 0x61, 0x74, 0x00,
		0x3B, 0x80, 0x00, 0x08,
		0x2C, 0x0E, 0x00, 0x00,
		0x40, 0x82, 0xF7, 0xB0,
		0x28, 0x19, 0x00, 0x00,
		0x41, 0x81, 0x02, 0xFC,
		0x28, 0x1A, 0x00, 0x01,
		0x41, 0x81, 0x02, 0xF4,
		0x2C, 0x1A, 0x00, 0x00,
		0x41, 0x82, 0x00, 0x0C,
		0x82, 0x9F, 0xFF, 0xFC,
		0x7E, 0x95, 0xA2, 0x14,
		0x7C, 0x14, 0x78, 0x40,
		0x41, 0x80, 0x00, 0x18,
		0x7C, 0x14, 0x80, 0x40,
		0x41, 0x81, 0x00, 0x10,
		0x3A, 0xF7, 0x00, 0x40,
		0x7F, 0xFF, 0xBC, 0x2E,
		0xD3, 0xF4, 0x00, 0x00,
		0x4B, 0xFF, 0xF7, 0x70,
		0x4F, 0x70, 0x65, 0x72,
		0x61, 0x74, 0x65, 0x20,
		0x49, 0x4E, 0x54, 0x00,
		0x3B, 0x80, 0x00, 0x08,
		0x2C, 0x0E, 0x00, 0x00,
		0x40, 0x82, 0xF7, 0x58,
		0x28, 0x19, 0x00, 0x09,
		0x41, 0x81, 0x00, 0xA8,
		0x28, 0x1A, 0x00, 0x00,
		0x41, 0x81, 0x00, 0xA0,
		0x7E, 0x3F, 0xC0, 0x2E,
		0x7E, 0x5F, 0xB8, 0x2E,
		0x2C, 0x19, 0x00, 0x09,
		0x41, 0x82, 0x00, 0x8C,
		0x2C, 0x19, 0x00, 0x00,
		0x40, 0x82, 0x00, 0x08,
		0x7E, 0xB1, 0x92, 0x14,
		0x2C, 0x19, 0x00, 0x01,
		0x40, 0x82, 0x00, 0x08,
		0x7E, 0xB2, 0x88, 0x50,
		0x2C, 0x19, 0x00, 0x02,
		0x40, 0x82, 0x00, 0x08,
		0x7E, 0xB1, 0x91, 0xD6,
		0x2C, 0x19, 0x00, 0x03,
		0x40, 0x82, 0x00, 0x08,
		0x7E, 0xB1, 0x93, 0xD6,
		0x2C, 0x19, 0x00, 0x04,
		0x40, 0x82, 0x00, 0x08,
		0x7E, 0xB1, 0xAA, 0x14,
		0x2C, 0x19, 0x00, 0x05,
		0x40, 0x82, 0x00, 0x08,
		0x7E, 0xB5, 0x88, 0x50,
		0x2C, 0x19, 0x00, 0x06,
		0x40, 0x82, 0x00, 0x08,
		0x7E, 0xB1, 0xA9, 0xD6,
		0x2C, 0x19, 0x00, 0x07,
		0x40, 0x82, 0x00, 0x08,
		0x7E, 0xB1, 0xAB, 0xD6,
		0x2C, 0x19, 0x00, 0x08,
		0x40, 0x82, 0x00, 0x24,
		0x3A, 0xF7, 0x00, 0x40,
		0x6E, 0x31, 0x80, 0x00,
		0x92, 0x3F, 0x00, 0x8C,
		0xCB, 0xFF, 0x00, 0x84,
		0xCB, 0xDF, 0x00, 0x88,
		0xFF, 0xFE, 0xF8, 0x28,
		0x7F, 0xFF, 0xBD, 0x2E,
		0x4B, 0xFF, 0xF6, 0xB0,
		0x7E, 0xBF, 0xC1, 0x2E,
		0x4B, 0xFF, 0xF6, 0xA8,
		0x4F, 0x70, 0x65, 0x72,
		0x61, 0x74, 0x65, 0x20,
		0x46, 0x6C, 0x6F, 0x61,
		0x74, 0x00, 0x00, 0x00,
		0x3B, 0x80, 0x00, 0x08,
		0x2C, 0x0E, 0x00, 0x00,
		0x40, 0x82, 0xF6, 0x8C,
		0x28, 0x19, 0x00, 0x09,
		0x41, 0x81, 0x00, 0x9C,
		0x28, 0x1A, 0x00, 0x00,
		0x41, 0x81, 0x00, 0x94,
		0x3B, 0x18, 0x00, 0x40,
		0x3A, 0xF7, 0x00, 0x40,
		0x7F, 0xDF, 0xC4, 0x2E,
		0x7F, 0xBF, 0xBC, 0x2E,
		0x2C, 0x19, 0x00, 0x09,
		0x41, 0x82, 0x00, 0x7C,
		0x2C, 0x19, 0x00, 0x00,
		0x40, 0x82, 0x00, 0x08,
		0xEF, 0xFE, 0xE8, 0x2A,
		0x2C, 0x19, 0x00, 0x01,
		0x40, 0x82, 0x00, 0x08,
		0xEF, 0xFE, 0xE8, 0x28,
		0x2C, 0x19, 0x00, 0x02,
		0x40, 0x82, 0x00, 0x08,
		0xEF, 0xFE, 0x07, 0x72,
		0x2C, 0x19, 0x00, 0x03,
		0x40, 0x82, 0x00, 0x08,
		0xEF, 0xFE, 0xE8, 0x24,
		0x2C, 0x19, 0x00, 0x04,
		0x40, 0x82, 0x00, 0x08,
		0xEF, 0xFE, 0xF8, 0x2A,
		0x2C, 0x19, 0x00, 0x05,
		0x40, 0x82, 0x00, 0x08,
		0xEF, 0xFE, 0xF8, 0x28,
		0x2C, 0x19, 0x00, 0x06,
		0x40, 0x82, 0x00, 0x08,
		0xEF, 0xFE, 0x07, 0xF2,
		0x2C, 0x19, 0x00, 0x07,
		0x40, 0x82, 0x00, 0x08,
		0xEF, 0xFE, 0xF8, 0x24,
		0x2C, 0x19, 0x00, 0x08,
		0x40, 0x82, 0x00, 0x14,
		0x3A, 0xF7, 0xFF, 0xC0,
		0xFF, 0xE0, 0xF0, 0x1E,
		0x7F, 0xFF, 0xBF, 0xAE,
		0x4B, 0xFF, 0xF5, 0xEC,
		0x7F, 0xFF, 0xC5, 0x2E,
		0x4B, 0xFF, 0xF5, 0xE4,
		0x46, 0x69, 0x6C, 0x6C,
		0x20, 0x4D, 0x65, 0x6D,
		0x6F, 0x72, 0x79, 0x20,
		0x41, 0x72, 0x65, 0x61,
		0x00, 0x00, 0x00, 0x00,
		0x3B, 0x80, 0x00, 0x10,
		0x2C, 0x0E, 0x00, 0x00,
		0x40, 0x82, 0xF5, 0xC4,
		0x28, 0x19, 0x00, 0x00,
		0x41, 0x81, 0x00, 0x4C,
		0x28, 0x1A, 0x00, 0x01,
		0x41, 0x81, 0x00, 0x44,
		0x82, 0x9E, 0x00, 0x08,
		0x7E, 0x91, 0xA3, 0x78,
		0x82, 0x5E, 0x00, 0x0C,
		0x2C, 0x1A, 0x00, 0x00,
		0x41, 0x82, 0x00, 0x0C,
		0x82, 0x9F, 0xFF, 0xFC,
		0x7E, 0x91, 0xA2, 0x14,
		0x7E, 0x34, 0x92, 0x14,
		0x7C, 0x14, 0x78, 0x40,
		0x41, 0x80, 0x00, 0x1C,
		0x7C, 0x14, 0x80, 0x40,
		0x41, 0x81, 0x00, 0x14,
		0x92, 0xB4, 0x00, 0x00,
		0x3A, 0x94, 0x00, 0x04,
		0x7C, 0x14, 0x88, 0x40,
		0x41, 0x80, 0xFF, 0xE4,
		0x4B, 0xFF, 0xF5, 0x70,
		0x4C, 0x6F, 0x61, 0x64,
		0x20, 0x50, 0x6F, 0x69,
		0x6E, 0x74, 0x65, 0x72,
		0x00, 0x00, 0x00, 0x00,
		0x3B, 0x80, 0x00, 0x10,
		0x2C, 0x0E, 0x00, 0x00,
		0x40, 0x82, 0xF5, 0x54,
		0x28, 0x19, 0x00, 0x00,
		0x41, 0x81, 0xF8, 0x7C,
		0x28, 0x1A, 0x00, 0x01,
		0x41, 0x81, 0xF8, 0x74,
		0x2C, 0x1A, 0x00, 0x00,
		0x41, 0x82, 0x00, 0x0C,
		0x82, 0x9F, 0xFF, 0xFC,
		0x7E, 0x95, 0xA2, 0x14,
		0x7C, 0x14, 0x78, 0x40,
		0x41, 0x80, 0xF8, 0x5C,
		0x7C, 0x14, 0x80, 0x40,
		0x41, 0x81, 0xF8, 0x54,
		0x82, 0x3E, 0x00, 0x08,
		0x82, 0x5E, 0x00, 0x0C,
		0x7C, 0x14, 0x88, 0x40,
		0x41, 0x80, 0xF8, 0x44,
		0x7C, 0x14, 0x90, 0x40,
		0x41, 0x81, 0xF8, 0x3C,
		0x82, 0x94, 0x00, 0x00,
		0x92, 0x9F, 0xFF, 0xFC,
		0x4B, 0xFF, 0xF5, 0x00,
		0x4F, 0x66, 0x66, 0x73,
		0x65, 0x74, 0x20, 0x4F,
		0x70, 0x65, 0x72, 0x61,
		0x74, 0x69, 0x6F, 0x6E,
		0x73, 0x00, 0x00, 0x00,
		0x3B, 0x80, 0x00, 0x08,
		0x2C, 0x0E, 0x00, 0x00,
		0x40, 0x82, 0xF4, 0xE0,
		0x28, 0x19, 0x00, 0x00,
		0x41, 0x81, 0x00, 0x2C,
		0x28, 0x1A, 0x00, 0x00,
		0x41, 0x81, 0x00, 0x24,
		0x82, 0x9F, 0xFF, 0xFC,
		0x2C, 0x1B, 0x00, 0x31,
		0x40, 0x82, 0x00, 0x08,
		0x7E, 0xB5, 0xA2, 0x14,
		0x2C, 0x1B, 0x00, 0x33,
		0x40, 0x82, 0x00, 0x08,
		0x7E, 0xB5, 0xA0, 0x50,
		0x92, 0xBF, 0xFF, 0xFC,
		0x4B, 0xFF, 0xF4, 0xAC,
		0x3B, 0x80, 0x00, 0x08,
		0x2C, 0x0E, 0x00, 0x00,
		0x40, 0x82, 0xF4, 0xA0,
		0x28, 0x19, 0x00, 0x00,
		0x41, 0x81, 0x00, 0x3C,
		0x28, 0x1A, 0x00, 0x00,
		0x41, 0x81, 0x00, 0x34,
		0x7E, 0xB1, 0xAB, 0x78,
		0x82, 0x9F, 0xFF, 0xFC,
		0x7E, 0xBF, 0xC0, 0x2E,
		0x2C, 0x1B, 0x00, 0x32,
		0x40, 0x82, 0x00, 0x0C,
		0x7E, 0xB5, 0x8A, 0x14,
		0x7E, 0xB5, 0xA2, 0x14,
		0x2C, 0x1B, 0x00, 0x34,
		0x40, 0x82, 0x00, 0x0C,
		0x7E, 0xB5, 0x8A, 0x14,
		0x7E, 0xB5, 0xA0, 0x50,
		0x92, 0xBF, 0xFF, 0xFC,
		0x4B, 0xFF, 0xF4, 0x5C,
		0x4C, 0x6F, 0x6F, 0x70,
		0x00, 0x00, 0x00, 0x00,
		0x3B, 0x80, 0x00, 0x08,
		0x2C, 0x0E, 0x00, 0x00,
		0x40, 0x82, 0xF4, 0x48,
		0x28, 0x19, 0x00, 0x00,
		0x41, 0x81, 0x00, 0x3C,
		0x28, 0x1A, 0x00, 0x00,
		0x41, 0x81, 0x00, 0x34,
		0x2C, 0x1B, 0x00, 0x80,
		0x41, 0x82, 0x00, 0x08,
		0x7E, 0xBF, 0xB8, 0x2E,
		0x8A, 0x3F, 0x00, 0x90,
		0x1E, 0x71, 0x00, 0x04,
		0x3A, 0x73, 0x00, 0xC0,
		0x7F, 0xD3, 0xF9, 0x6E,
		0x92, 0xB3, 0x00, 0x40,
		0x3A, 0x31, 0x00, 0x01,
		0x2C, 0x11, 0x00, 0x0F,
		0x41, 0x81, 0x00, 0x08,
		0x9A, 0x3F, 0x00, 0x90,
		0x4B, 0xFF, 0xF4, 0x04,
		0x45, 0x78, 0x65, 0x63,
		0x75, 0x74, 0x65, 0x20,
		0x41, 0x53, 0x4D, 0x00,
		0x1F, 0x96, 0x00, 0x08,
		0x2C, 0x0E, 0x00, 0x00,
		0x40, 0x82, 0xF3, 0xEC,
		0x28, 0x19, 0x00, 0x00,
		0x41, 0x81, 0x00, 0x50,
		0x28, 0x1A, 0x00, 0x00,
		0x41, 0x81, 0x00, 0x48,
		0x3A, 0x9F, 0x00, 0x98,
		0x3A, 0x74, 0x00, 0x10,
		0x7D, 0xD4, 0x65, 0xAA,
		0x7F, 0x93, 0x85, 0xAA,
		0x7E, 0x28, 0x02, 0xA6,
		0x92, 0x34, 0x00, 0x20,
		0x7E, 0x29, 0x02, 0xA6,
		0x92, 0x34, 0x00, 0x24,
		0x3B, 0xDE, 0x00, 0x04,
		0x7F, 0xC8, 0x03, 0xA6,
		0x4E, 0x80, 0x00, 0x21,
		0x7D, 0xD4, 0x64, 0xAA,
		0x7F, 0x93, 0x84, 0xAA,
		0x82, 0x34, 0x00, 0x20,
		0x7E, 0x28, 0x03, 0xA6,
		0x82, 0x34, 0x00, 0x24,
		0x7E, 0x29, 0x03, 0xA6,
		0x3B, 0x9C, 0x00, 0x08,
		0x4B, 0xFF, 0xF3, 0x90,
		0x43, 0x61, 0x66, 0x65,
		0x20, 0x4F, 0x53, 0x20,
		0x53, 0x79, 0x73, 0x63,
		0x61, 0x6C, 0x6C, 0x73,
		0x00, 0x00, 0x00, 0x00,
		0x3B, 0x80, 0x00, 0x08,
		0x2C, 0x0E, 0x00, 0x00,
		0x40, 0x82, 0xF3, 0x70,
		0x28, 0x19, 0x00, 0x00,
		0x41, 0x81, 0x00, 0x18,
		0x28, 0x1A, 0x00, 0x00,
		0x41, 0x81, 0x00, 0x10,
		0x7E, 0xC0, 0xB3, 0x78,
		0x44, 0x00, 0x00, 0x02,
		0x60, 0x00, 0x00, 0x00,
		0x4B, 0xFF, 0xF3, 0x50,
		0x50, 0x61, 0x74, 0x63,
		0x68, 0x20, 0x41, 0x53,
		0x4D, 0x00, 0x00, 0x00,
		0x1F, 0x96, 0x00, 0x08,
		0x2C, 0x0E, 0x00, 0x00,
		0x40, 0x82, 0xF3, 0x38,
		0x28, 0x19, 0x00, 0x00,
		0x41, 0x81, 0x00, 0x5C,
		0x28, 0x1A, 0x00, 0x00,
		0x41, 0x81, 0x00, 0x54,
		0x3A, 0x3E, 0x00, 0x08,
		0x3E, 0x60, 0x48, 0x00,
		0x62, 0x73, 0x00, 0x03,
		0x52, 0x33, 0x01, 0xBA,
		0x3F, 0x00, 0x10, 0x01,
		0x96, 0x78, 0x4E, 0xF0,
		0x7E, 0x48, 0x02, 0xA6,
		0x7F, 0x03, 0xC3, 0x78,
		0x49, 0x01, 0xF5, 0x23,
		0x7C, 0x78, 0x1B, 0x78,
		0x7E, 0x83, 0xA3, 0x78,
		0x49, 0x01, 0xF5, 0x23,
		0x7F, 0x04, 0xC3, 0x78,
		0x38, 0xA0, 0x00, 0x04,
		0x38, 0x00, 0x25, 0x00,
		0x44, 0x00, 0x00, 0x02,
		0x7E, 0x83, 0xA3, 0x78,
		0x38, 0x80, 0x00, 0x04,
		0x49, 0x02, 0x40, 0xB3,
		0x7E, 0x48, 0x03, 0xA6,
		0x3B, 0x9C, 0x00, 0x08,
		0x4B, 0xFF, 0xF2, 0xD0,
		0x50, 0x61, 0x74, 0x63,
		0x68, 0x20, 0x41, 0x53,
		0x4D, 0x20, 0x32, 0x00,
		0x1F, 0x96, 0x00, 0x08,
		0x2C, 0x0E, 0x00, 0x00,
		0x40, 0x82, 0xF2, 0xB8,
		0x28, 0x19, 0x00, 0x00,
		0x41, 0x81, 0x00, 0x5C,
		0x28, 0x1A, 0x00, 0x00,
		0x41, 0x81, 0x00, 0x54,
		0x3A, 0x3E, 0x00, 0x08,
		0x3E, 0x60, 0x48, 0x00,
		0x62, 0x73, 0x00, 0x02,
		0x52, 0x33, 0x01, 0xBA,
		0x3F, 0x00, 0x10, 0x01,
		0x96, 0x78, 0x4E, 0xF0,
		0x7E, 0x48, 0x02, 0xA6,
		0x7F, 0x03, 0xC3, 0x78,
		0x49, 0x01, 0xF5, 0x23,
		0x7C, 0x78, 0x1B, 0x78,
		0x7E, 0x83, 0xA3, 0x78,
		0x49, 0x01, 0xF5, 0x23,
		0x7F, 0x04, 0xC3, 0x78,
		0x38, 0xA0, 0x00, 0x04,
		0x38, 0x00, 0x25, 0x00,
		0x44, 0x00, 0x00, 0x02,
		0x7E, 0x83, 0xA3, 0x78,
		0x38, 0x80, 0x00, 0x04,
		0x49, 0x02, 0x40, 0xB3,
		0x7E, 0x48, 0x03, 0xA6,
		0x3B, 0x9C, 0x00, 0x08,
		0x4B, 0xFF, 0xF2, 0x50,
		0x57, 0x72, 0x69, 0x74,
		0x65, 0x20, 0x41, 0x53,
		0x4D, 0x00, 0x00, 0x00,
		0x3B, 0x80, 0x00, 0x10,
		0x2C, 0x0E, 0x00, 0x00,
		0x40, 0x82, 0xF2, 0x38,
		0x28, 0x19, 0x00, 0x00,
		0x41, 0x81, 0x00, 0x50,
		0x28, 0x1A, 0x00, 0x00,
		0x41, 0x81, 0x00, 0x48,
		0x82, 0x7E, 0x00, 0x08,
		0x3F, 0x00, 0x10, 0x01,
		0x96, 0x78, 0x4E, 0xF0,
		0x7E, 0x48, 0x02, 0xA6,
		0x7F, 0x03, 0xC3, 0x78,
		0x49, 0x01, 0xF5, 0x23,
		0x7C, 0x78, 0x1B, 0x78,
		0x7E, 0x83, 0xA3, 0x78,
		0x49, 0x01, 0xF5, 0x23,
		0x7F, 0x04, 0xC3, 0x78,
		0x38, 0xA0, 0x00, 0x04,
		0x38, 0x00, 0x25, 0x00,
		0x44, 0x00, 0x00, 0x02,
		0x7E, 0x83, 0xA3, 0x78,
		0x38, 0x80, 0x00, 0x04,
		0x49, 0x02, 0x40, 0xB3,
		0x7E, 0x48, 0x03, 0xA6,
		0x4B, 0xFF, 0xF1, 0xE0,
		0x54, 0x65, 0x72, 0x6D,
		0x69, 0x6E, 0x61, 0x74,
		0x6F, 0x72, 0x73, 0x00,
		0x3B, 0x80, 0x00, 0x08,
		0x28, 0x19, 0x00, 0x00,
		0x41, 0x81, 0x00, 0x20,
		0x28, 0x1A, 0x00, 0x00,
		0x41, 0x81, 0x00, 0x18,
		0x7D, 0xCE, 0x72, 0x78,
		0x99, 0xDF, 0x00, 0x91,
		0x2C, 0x1B, 0x00, 0xD0,
		0x40, 0x82, 0x00, 0x08,
		0x91, 0xDF, 0xFF, 0xFC,
		0x4B, 0xFF, 0xF1, 0xA8,
		0x3B, 0x80, 0x00, 0x08,
		0x2C, 0x0E, 0x00, 0x00,
		0x40, 0x82, 0xF1, 0x9C,
		0x28, 0x19, 0x00, 0x00,
		0x41, 0x81, 0x00, 0x58,
		0x28, 0x1A, 0x00, 0x00,
		0x41, 0x81, 0x00, 0x50,
		0x7E, 0xB5, 0xAA, 0x78,
		0x8A, 0x3F, 0x00, 0x90,
		0x2C, 0x11, 0x00, 0x0F,
		0x41, 0x81, 0x00, 0x40,
		0x3A, 0x31, 0xFF, 0xFF,
		0x1E, 0x71, 0x00, 0x04,
		0x3A, 0x73, 0x00, 0xC0,
		0x7E, 0x93, 0xF8, 0x6E,
		0x82, 0x53, 0x00, 0x40,
		0x2C, 0x14, 0x00, 0x00,
		0x41, 0x82, 0x00, 0x24,
		0x2C, 0x12, 0x00, 0x00,
		0x40, 0x82, 0x00, 0x10,
		0x9A, 0x3F, 0x00, 0x90,
		0x92, 0xB3, 0x00, 0x00,
		0x48, 0x00, 0x00, 0x10,
		0x3A, 0x52, 0xFF, 0xFF,
		0x92, 0x53, 0x00, 0x40,
		0x7E, 0x9E, 0xA3, 0x78,
		0x4B, 0xFF, 0xF1, 0x3C,
		0x43, 0x6F, 0x72, 0x72,
		0x75, 0x70, 0x74, 0x6F,
		0x72, 0x00, 0x00, 0x00,
		0x3B, 0x80, 0x00, 0x18,
		0x2C, 0x0E, 0x00, 0x00,
		0x40, 0x82, 0xF1, 0x24,
		0x28, 0x19, 0x00, 0x00,
		0x41, 0x81, 0x00, 0x44,
		0x28, 0x1A, 0x00, 0x00,
		0x41, 0x81, 0x00, 0x3C,
		0x82, 0x3E, 0x00, 0x08,
		0x82, 0x5E, 0x00, 0x0C,
		0x82, 0xBE, 0x00, 0x10,
		0x7C, 0x14, 0x78, 0x40,
		0x41, 0x80, 0x00, 0x28,
		0x7C, 0x14, 0x80, 0x40,
		0x41, 0x81, 0x00, 0x20,
		0x82, 0x74, 0x00, 0x00,
		0x7C, 0x13, 0x90, 0x40,
		0x40, 0x82, 0x00, 0x08,
		0x92, 0xB4, 0x00, 0x00,
		0x3A, 0x94, 0x00, 0x04,
		0x7C, 0x14, 0x88, 0x40,
		0x41, 0x80, 0xFF, 0xD8,
		0x4B, 0xFF, 0xF0, 0xD8,
		0x00, 0x00, 0x00, 0x00,
		0x00, 0x00, 0x00, 0x00,
		0x00, 0x00, 0x00, 0x00,
		0x00, 0x00, 0x00, 0x00,
		0x00, 0x00, 0x00, 0x00,
		0x00, 0x00, 0x00, 0x00,
		0x00, 0x00, 0x00, 0x00,
		0x00, 0x00, 0x00, 0x00,
		0x00, 0x00, 0x00, 0x00,
		0x00, 0x00, 0x00, 0x00,
		0x00, 0x00, 0x00, 0x00,
		0x00, 0x00, 0x00, 0x00,
		0x00, 0x00, 0x00, 0x00,
		0x00, 0x00, 0x00, 0x00,
		0x00, 0x00, 0x00, 0x00,
		0x00, 0x00, 0x00, 0x00,
		0x00, 0x00, 0x00, 0x00,
		0x00, 0x00, 0x00, 0x00,
		0x00, 0x00, 0x00, 0x00,
		0x00, 0x00, 0x00, 0x00,
		0x00, 0x00, 0x00, 0x00,
		0x00, 0x00, 0x00, 0x00,
		0x00, 0x00, 0x00, 0x00,
		0x00, 0x00, 0x00, 0x00,
		0x00, 0x00, 0x00, 0x00,
		0x00, 0x00, 0x00, 0x00,
		0x00, 0x00, 0x00, 0x00,
		0x00, 0x00, 0x00, 0x00,
		0x00, 0x00, 0x00, 0x00,
		0x00, 0x00, 0x00, 0x00,
		0x00, 0x00, 0x00, 0x00,
		0x00, 0x00, 0x00, 0x00,
		0x00, 0x00, 0x00, 0x00,
		0x00, 0x00, 0x00, 0x00,
		0x00, 0x00, 0x00, 0x00,
		0x00, 0x00, 0x00, 0x00,
		0x00, 0x00, 0x00, 0x00,
		0x00, 0x00, 0x00, 0x00,
		0x00, 0x00, 0x00, 0x00,
		0x00, 0x00, 0x00, 0x00,
		0x00, 0x00, 0x00, 0x00,
		0x00, 0x00, 0x00, 0x00,
		0x00, 0x00, 0x00, 0x00,
		0x00, 0x00, 0x00, 0x00,
		0x00, 0x00, 0x00, 0x00,
		0x00, 0x00, 0x00, 0x00,
		0x00, 0x00, 0x00, 0x00,
		0x00, 0x00, 0x00, 0x00,
		0x00, 0x00, 0x00, 0x00,
		0x00, 0x00, 0x00, 0x00,
		0x00, 0x00, 0x00, 0x00,
		0x00, 0x00, 0x00, 0x00,
		0x00, 0x00, 0x00, 0x00,
		0x00, 0x00, 0x00, 0x00,
		0x00, 0x00, 0x00, 0x00,
		0x00, 0x00, 0x00, 0x00,
		0x00, 0x00, 0x00, 0x00,
		0x00, 0x00, 0x00, 0x00,
		0x00, 0x00, 0x00, 0x00,
		0x00, 0x00, 0x00, 0x00,
		0x00, 0x00, 0x00, 0x00,
		0x00, 0x00, 0x00, 0x00,
		0x00, 0x00, 0x00, 0x00,
		0x00, 0x00, 0x00, 0x00,
		0x00, 0x00, 0x00, 0x00,
		0x00, 0x00, 0x00, 0x00,
		0x00, 0x00, 0x00, 0x00,
		0x00, 0x00, 0x00, 0x00,
		0x00, 0x00, 0x00, 0x00,
		0x00, 0x00, 0x00, 0x00,
		0x00, 0x00, 0x00, 0x00,
		0x00, 0x00, 0x00, 0x00,
		0x00, 0x00, 0x00, 0x00,
		0x00, 0x00, 0x00, 0x00,
		0x00, 0x00, 0x00, 0x00,
		0x00, 0x00, 0x00, 0x00,
		0x00, 0x00, 0x00, 0x00,
		0x00, 0x00, 0x00, 0x00,
		0x00, 0x00, 0x00, 0x00,
		0x00, 0x00, 0x00, 0x00,
		0x00, 0x00, 0x00, 0x00,
		0x00, 0x00, 0x00, 0x00,
		0x00, 0x00, 0x00, 0x00,
		0x00, 0x00, 0x00, 0x00,
		0x00, 0x00, 0x00, 0x00,
		0x00, 0x00, 0x00, 0x00,
		0x00, 0x00, 0x00, 0x00,
		0x00, 0x00, 0x00, 0x00,
		0x00, 0x00, 0x00, 0x00,
		0x00, 0x00, 0x00, 0x00,
		0x00, 0x00, 0x00, 0x00,
		0x00, 0x00, 0x00, 0x00,
		0x00, 0x00, 0x00, 0x00,
		0x00, 0x00, 0x00, 0x00,
		0x00, 0x00, 0x00, 0x00,
		0x00, 0x00, 0x00, 0x00,
		0x00, 0x00, 0x00, 0x00,
		0x00, 0x00, 0x00, 0x00,
		0x00, 0x00, 0x00, 0x00,
		0x00, 0x00, 0x00, 0x00,
		0x00, 0x00, 0x00, 0x00,
		0x00, 0x00, 0x00, 0x00,
		0x00, 0x00, 0x00, 0x00,
		0x00, 0x00, 0x00, 0x00,
		0x00, 0x00, 0x00, 0x00,
		0x00, 0x00, 0x00, 0x00,
		0x00, 0x00, 0x00, 0x00,
		0x00, 0x00, 0x00, 0x00,
		0x00, 0x00, 0x00, 0x00,
		0x00, 0x00, 0x00, 0x00,
		0x00, 0x00, 0x00, 0x00,
		0x00, 0x00, 0x00, 0x00,
		0x00, 0x00, 0x00, 0x00,
		0x00, 0x00, 0x00, 0x00,
		0x00, 0x00, 0x00, 0x00,
		0x00, 0x00, 0x00, 0x00,
		0x00, 0x00, 0x00, 0x00,
		0x00, 0x00, 0x00, 0x00,
		0x00, 0x00, 0x00, 0x00,
		0x00, 0x00, 0x00, 0x00,
		0x00, 0x00, 0x00, 0x00,
		0x00, 0x00, 0x00, 0x00,
		0x00, 0x00, 0x00, 0x00,
		0x00, 0x00, 0x00, 0x00,
		0x00, 0x00, 0x00, 0x00,
		0x00, 0x00, 0x00, 0x00,
		0x00, 0x00, 0x00, 0x00,
		0x00, 0x00, 0x00, 0x00,
		0x00, 0x00, 0x00, 0x00,
		0x00, 0x00, 0x00, 0x00,
		0x00, 0x00, 0x00, 0x00,
		0x00, 0x00, 0x00, 0x00,
		0x00, 0x00, 0x00, 0x00,
		0x00, 0x00, 0x00, 0x00,
		0x00, 0x00, 0x00, 0x00,
		0x00, 0x00, 0x00, 0x00,
		0x00, 0x00, 0x00, 0x00,
		0x00, 0x00, 0x00, 0x00,
		0x00, 0x00, 0x00, 0x00,
		0x00, 0x00, 0x00, 0x00,
		0x00, 0x00, 0x00, 0x00,
		0x00, 0x00, 0x00, 0x00,
		0x00, 0x00, 0x00, 0x00,
		0x00, 0x00, 0x00, 0x00,
		0x00, 0x00, 0x00, 0x00,
		0x00, 0x00, 0x00, 0x00,
		0x00, 0x00, 0x00, 0x00,
		0x00, 0x00, 0x00, 0x00,
		0x00, 0x00, 0x00, 0x00,
		0x00, 0x00, 0x00, 0x00,
		0x00, 0x00, 0x00, 0x00,
		0x00, 0x00, 0x00, 0x00,
		0x00, 0x00, 0x00, 0x00,
		0x00, 0x00, 0x00, 0x00,
		0x00, 0x00, 0x00, 0x00,
		0x00, 0x00, 0x00, 0x00,
		0x00, 0x00, 0x00, 0x00,
		0x00, 0x00, 0x00, 0x00,
		0x00, 0x00, 0x00, 0x00,
		0x00, 0x00, 0x00, 0x00,
		0x00, 0x00, 0x00, 0x00,
		0x00, 0x00, 0x00, 0x00,
		0x00, 0x00, 0x00, 0x00,
		0x00, 0x00, 0x00, 0x00,
		0x00, 0x00, 0x00, 0x00,
		0x00, 0x00, 0x00, 0x00,
		0x00, 0x00, 0x00, 0x00,
		0x00, 0x00, 0x00, 0x00,
		0x00, 0x00, 0x00, 0x00,
		0x00, 0x00, 0x00, 0x00,
		0x00, 0x00, 0x00, 0x00,
		0x00, 0x00, 0x00, 0x00,
		0x00, 0x00, 0x00, 0x00,
		0x00, 0x00, 0x00, 0x00,
		0x00, 0x00, 0x00, 0x00,
		0x00, 0x00, 0x00, 0x00,
		0x00, 0x00, 0x00, 0x00,
		0x00, 0x00, 0x00, 0x00,
		0x00, 0x00, 0x00, 0x00,
		0x00, 0x00, 0x00, 0x00,
		0x00, 0x00, 0x00, 0x00,
		0x00, 0x00, 0x00, 0x00,
		0x00, 0x00, 0x00, 0x00,
		0x00, 0x00, 0x00, 0x00,
		0x00, 0x00, 0x00, 0x00,
		0x00, 0x00, 0x00, 0x00,
		0x00, 0x00, 0x00, 0x00,
		0x00, 0x00, 0x00, 0x00,
		0x00, 0x00, 0x00, 0x00,
		0x00, 0x00, 0x00, 0x00,
		0x00, 0x00, 0x00, 0x00,
		0x00, 0x00, 0x00, 0x00,
		0x00, 0x00, 0x00, 0x00,
		0x00, 0x00, 0x00, 0x00,
		0x00, 0x00, 0x00, 0x00,
		0x00, 0x00, 0x00, 0x00,
		0x00, 0x00, 0x00, 0x00,
		0x00, 0x00, 0x00, 0x00,
		0x00, 0x00, 0x00, 0x00,
		0x00, 0x00, 0x00, 0x00,
		0x00, 0x00, 0x00, 0x00,
		0x00, 0x00, 0x00, 0x00,
		0x00, 0x00, 0x00, 0x00,
		0x00, 0x00, 0x00, 0x00,
		0x00, 0x00, 0x00, 0x00,
		0x00, 0x00, 0x00, 0x00,
		0x00, 0x00, 0x00, 0x00,
		0x00, 0x00, 0x00, 0x00,
		0x00, 0x00, 0x00, 0x00,
		0x00, 0x00, 0x00, 0x00,
		0x00, 0x00, 0x00, 0x00,
		0x00, 0x00, 0x00, 0x00,
		0x00, 0x00, 0x00, 0x00,
		0x00, 0x00, 0x00, 0x00,
		0x00, 0x00, 0x00, 0x00,
		0x00, 0x00, 0x00, 0x00,
		0x00, 0x00, 0x00, 0x00,
		0x00, 0x00, 0x00, 0x00,
		0x00, 0x00, 0x00, 0x00,
		0x00, 0x00, 0x00, 0x00,
		0x00, 0x00, 0x00, 0x00,
		0x00, 0x00, 0x00, 0x00,
		0x00, 0x00, 0x00, 0x00,
		0x00, 0x00, 0x00, 0x00,
		0x00, 0x00, 0x00, 0x00,
		0x00, 0x00, 0x00, 0x00,
		0x00, 0x00, 0x00, 0x00,
		0x00, 0x00, 0x00, 0x00,
		0x00, 0x00, 0x00, 0x00,
		0x00, 0x00, 0x00, 0x00,
		0x00, 0x00, 0x00, 0x00,
		0x00, 0x00, 0x00, 0x00,
		0x00, 0x00, 0x00, 0x00,
		0x00, 0x00, 0x00, 0x00,
		0x00, 0x00, 0x00, 0x00,
		0x00, 0x00, 0x00, 0x00,
		0x00, 0x00, 0x00, 0x00,
		0x00, 0x00, 0x00, 0x00,
		0x00, 0x00, 0x00, 0x00,
		0x00, 0x00, 0x00, 0x00,
		0x00, 0x00, 0x00, 0x00,
		0x00, 0x00, 0x00, 0x00,
		0x00, 0x00, 0x00, 0x00,
		0x00, 0x00, 0x00, 0x00,
		0x00, 0x00, 0x00, 0x00,
		0x00, 0x00, 0x00, 0x00,
		0x00, 0x00, 0x00, 0x00,
		0x00, 0x00, 0x00, 0x00,
		0x00, 0x00, 0x00, 0x00,
		0x00, 0x00, 0x00, 0x00,
		0x00, 0x00, 0x00, 0x00,
		0x00, 0x00, 0x00, 0x00,
		0x00, 0x00, 0x00, 0x00,
		0x00, 0x00, 0x00, 0x00,
		0x00, 0x00, 0x00, 0x00,
		0x00, 0x00, 0x00, 0x00,
		0x00, 0x00, 0x00, 0x00,
		0x00, 0x00, 0x00, 0x00,
		0x00, 0x00, 0x00, 0x00,
		0x00, 0x00, 0x00, 0x00,
		0x00, 0x00, 0x00, 0x00,
		0x00, 0x00, 0x00, 0x00,
		0x00, 0x00, 0x00, 0x00,
		0x00, 0x00, 0x00, 0x00,
		0x00, 0x00, 0x00, 0x00,
		0x00, 0x00, 0x00, 0x00,
		0x00, 0x00, 0x00, 0x00,
		0x00, 0x00, 0x00, 0x00,
		0x00, 0x00, 0x00, 0x00,
		0x00, 0x00, 0x00, 0x00,
		0x00, 0x00, 0x00, 0x00,
		0x00, 0x00, 0x00, 0x00,
		0x00, 0x00, 0x00, 0x00,
		0x00, 0x00, 0x00, 0x00,
		0x00, 0x00, 0x00, 0x00,
		0x00, 0x00, 0x00, 0x00,
		0x00, 0x00, 0x00, 0x00,
		0x00, 0x00, 0x00, 0x00,
		0x00, 0x00, 0x00, 0x00,
		0x00, 0x00, 0x00, 0x00,
		0x00, 0x00, 0x00, 0x00,
		0x00, 0x00, 0x00, 0x00,
		0x00, 0x00, 0x00, 0x00,
		0x00, 0x00, 0x00, 0x00,
		0x00, 0x00, 0x00, 0x00,
		0x00, 0x00, 0x00, 0x00,
		0x00, 0x00, 0x00, 0x00,
		0x00, 0x00, 0x00, 0x00,
		0x00, 0x00, 0x00, 0x00,
		0x00, 0x00, 0x00, 0x00,
		0x00, 0x00, 0x00, 0x00,
		0x00, 0x00, 0x00, 0x00,
		0x00, 0x00, 0x00, 0x00,
		0x00, 0x00, 0x00, 0x00,
		0x00, 0x00, 0x00, 0x00,
		0x00, 0x00, 0x00, 0x00,
		0x00, 0x00, 0x00, 0x00,
		0x00, 0x00, 0x00, 0x00,
		0x00, 0x00, 0x00, 0x00,
		0x00, 0x00, 0x00, 0x00,
		0x00, 0x00, 0x00, 0x00,
		0x00, 0x00, 0x00, 0x00,
		0x00, 0x00, 0x00, 0x00,
		0x00, 0x00, 0x00, 0x00,
		0x00, 0x00, 0x00, 0x00,
		0x00, 0x00, 0x00, 0x00,
		0x00, 0x00, 0x00, 0x00,
		0x00, 0x00, 0x00, 0x00,
		0x00, 0x00, 0x00, 0x00,
		0x00, 0x00, 0x00, 0x00,
		0x00, 0x00, 0x00, 0x00,
		0x00, 0x00, 0x00, 0x00,
		0x00, 0x00, 0x00, 0x00,
		0x00, 0x00, 0x00, 0x00,
		0x00, 0x00, 0x00, 0x00,
		0x00, 0x00, 0x00, 0x00,
		0x00, 0x00, 0x00, 0x00,
		0x00, 0x00, 0x00, 0x00,
		0x00, 0x00, 0x00, 0x00,
		0x00, 0x00, 0x00, 0x00,
		0x00, 0x00, 0x00, 0x00,
		0x00, 0x00, 0x00, 0x00,
		0x00, 0x00, 0x00, 0x00,
		0x00, 0x00, 0x00, 0x00,
		0x00, 0x00, 0x00, 0x00,
		0x00, 0x00, 0x00, 0x00,
		0x00, 0x00, 0x00, 0x00,
		0x00, 0x00, 0x00, 0x00,
		0x00, 0x00, 0x00, 0x00,
		0x00, 0x00, 0x00, 0x00,
		0x00, 0x00, 0x00, 0x00,
		0x00, 0x00, 0x00, 0x00,
		0x00, 0x00, 0x00, 0x00,
		0x00, 0x00, 0x00, 0x00,
		0x00, 0x00, 0x00, 0x00,
		0x00, 0x00, 0x00, 0x00,
		0x00, 0x00, 0x00, 0x00,
		0x00, 0x00, 0x00, 0x00,
		0x00, 0x00, 0x00, 0x00,
		0x00, 0x00, 0x00, 0x00,
		0x00, 0x00, 0x00, 0x00,
		0x00, 0x00, 0x00, 0x00,
		0x00, 0x00, 0x00, 0x00,
		0x00, 0x00, 0x00, 0x00,
		0x00, 0x00, 0x00, 0x00,
		0x00, 0x00, 0x00, 0x00,
		0x00, 0x00, 0x00, 0x00,
		0x00, 0x00, 0x00, 0x00,
		0x00, 0x00, 0x00, 0x00,
		0x00, 0x00, 0x00, 0x00,
		0x00, 0x00, 0x00, 0x00,
		0x00, 0x00, 0x00, 0x00,
		0x00, 0x00, 0x00, 0x00,
		0x00, 0x00, 0x00, 0x00,
		0x00, 0x00, 0x00, 0x00,
		0x00, 0x00, 0x00, 0x00,
		0x00, 0x00, 0x00, 0x00,
		0x00, 0x00, 0x00, 0x00,
		0x00, 0x00, 0x00, 0x00,
		0x00, 0x00, 0x00, 0x00,
		0x00, 0x00, 0x00, 0x00,
		0x00, 0x00, 0x00, 0x00,
		0x00, 0x00, 0x00, 0x00,
		0x00, 0x00, 0x00, 0x00,
		0x00, 0x00, 0x00, 0x00,
		0x00, 0x00, 0x00, 0x00,
		0x00, 0x00, 0x00, 0x00,
		0x00, 0x00, 0x00, 0x00,
		0x00, 0x00, 0x00, 0x00,
		0x00, 0x00, 0x00, 0x00,
		0x00, 0x00, 0x00, 0x00,
		0x00, 0x00, 0x00, 0x00,
		0x00, 0x00, 0x00, 0x00,
		0x00, 0x00, 0x00, 0x00,
		0x00, 0x00, 0x00, 0x00,
		0x00, 0x00, 0x00, 0x00,
		0x00, 0x00, 0x00, 0x00,
		0x00, 0x00, 0x00, 0x00,
		0x00, 0x00, 0x00, 0x00,
		0x00, 0x00, 0x00, 0x00,
		0x00, 0x00, 0x00, 0x00,
		0x00, 0x00, 0x00, 0x00,
		0x00, 0x00, 0x00, 0x00,
		0x00, 0x00, 0x00, 0x00,
		0x00, 0x00, 0x00, 0x00,
		0x00, 0x00, 0x00, 0x00,
		0x00, 0x00, 0x00, 0x00,
		0x00, 0x00, 0x00, 0x00,
		0x00, 0x00, 0x00, 0x00,
		0x00, 0x00, 0x00, 0x00,
		0x00, 0x00, 0x00, 0x00,
		0x00, 0x00, 0x00, 0x00,
		0x00, 0x00, 0x00, 0x00,
		0x00, 0x00, 0x00, 0x00,
		0x00, 0x00, 0x00, 0x00,
		0x00, 0x00, 0x00, 0x00,
		0x00, 0x00, 0x00, 0x00,
		0x00, 0x00, 0x00, 0x00,
		0x00, 0x00, 0x00, 0x00,
		0x00, 0x00, 0x00, 0x00,
		0x00, 0x00, 0x00, 0x00,
		0x00, 0x00, 0x00, 0x00,
		0x00, 0x00, 0x00, 0x00,
		0x00, 0x00, 0x00, 0x00,
		0x00, 0x00, 0x00, 0x00,
		0x00, 0x00, 0x00, 0x00,
		0x00, 0x00, 0x00, 0x00,
		0x00, 0x00, 0x00, 0x00,
		0x00, 0x00, 0x00, 0x00,
		0x00, 0x00, 0x00, 0x00,
		0x00, 0x00, 0x00, 0x00,
		0x00, 0x00, 0x00, 0x00,
		0x00, 0x00, 0x00, 0x00,
		0x00, 0x00, 0x00, 0x00,
		0x00, 0x00, 0x00, 0x00,
		0x00, 0x00, 0x00, 0x00,
		0x00, 0x00, 0x00, 0x00,
		0x00, 0x00, 0x00, 0x00,
		0x00, 0x00, 0x00, 0x00,
		0x00, 0x00, 0x00, 0x00,
		0x00, 0x00, 0x00, 0x00,
		0x00, 0x00, 0x00, 0x00,
		0x00, 0x00, 0x00, 0x00,
		0x00, 0x00, 0x00, 0x00,
		0x00, 0x00, 0x00, 0x00,
		0x00, 0x00, 0x00, 0x00,
		0x00, 0x00, 0x00, 0x00,
		0x00, 0x00, 0x00, 0x00,
		0x00, 0x00, 0x00, 0x00,
		0x00, 0x00, 0x00, 0x00,
		0x00, 0x00, 0x00, 0x00,
		0x00, 0x00, 0x00, 0x00,
		0x00, 0x00, 0x00, 0x00,
		0x00, 0x00, 0x00, 0x00,
		0x00, 0x00, 0x00, 0x00,
		0x00, 0x00, 0x00, 0x00,
		0x00, 0x00, 0x00, 0x00,
		0x00, 0x00, 0x00, 0x00,
		0x00, 0x00, 0x00, 0x00,
		0x00, 0x00, 0x00, 0x00,
		0x00, 0x00, 0x00, 0x00,
		0x00, 0x00, 0x00, 0x00,
		0x00, 0x00, 0x00, 0x00,
		0x00, 0x00, 0x00, 0x00,
		0x00, 0x00, 0x00, 0x00,
		0x00, 0x00, 0x00, 0x00,
		0x00, 0x00, 0x00, 0x00,
		0x00, 0x00, 0x00, 0x00,
		0x00, 0x00, 0x00, 0x00,
		0x00, 0x00, 0x00, 0x00,
		0x00, 0x00, 0x00, 0x00,
		0x00, 0x00, 0x00, 0x00,
		0x00, 0x00, 0x00, 0x00,
		0x00, 0x00, 0x00, 0x00,
		0x00, 0x00, 0x00, 0x00,
		0x00, 0x00, 0x00, 0x00,
		0x00, 0x00, 0x00, 0x00,
		0x00, 0x00, 0x00, 0x00,
		0x00, 0x00, 0x00, 0x00,
		0x00, 0x00, 0x00, 0x00,
		0x00, 0x00, 0x00, 0x00,
		0x00, 0x00, 0x00, 0x00,
		0x00, 0x00, 0x00, 0x00,
		0x00, 0x00, 0x00, 0x00,
		0x00, 0x00, 0x00, 0x00,
		0x00, 0x00, 0x00, 0x00,
		0x00, 0x00, 0x00, 0x00,
		0x00, 0x00, 0x00, 0x00,
		0x00, 0x00, 0x00, 0x00,
		0x00, 0x00, 0x00, 0x00,
		0x00, 0x00, 0x00, 0x00,
		0x00, 0x00, 0x00, 0x00,
		0x00, 0x00, 0x00, 0x00,
		0x00, 0x00, 0x00, 0x00,
		0x00, 0x00, 0x00, 0x00,
		0x00, 0x00, 0x00, 0x00,
		0x00, 0x00, 0x00, 0x00,
		0x00, 0x00, 0x00, 0x00,
		0x00, 0x00, 0x00, 0x00,
		0x00, 0x00, 0x00, 0x00,
		0x00, 0x00, 0x00, 0x00,
		0x00, 0x00, 0x00, 0x00,
		0x00, 0x00, 0x00, 0x00,
		0x00, 0x00, 0x00, 0x00,
		0x00, 0x00, 0x00, 0x00,
		0x00, 0x00, 0x00, 0x00,
		0x00, 0x00, 0x00, 0x00,
		0x00, 0x00, 0x00, 0x00,
		0x00, 0x00, 0x00, 0x00,
		0x00, 0x00, 0x00, 0x00,
		0x00, 0x00, 0x00, 0x00,
		0x00, 0x00, 0x00, 0x00,
		0x00, 0x00, 0x00, 0x00,
		0x00, 0x00, 0x00, 0x00,
		0x00, 0x00, 0x00, 0x00,
		0x00, 0x00, 0x00, 0x00,
		0x00, 0x00, 0x00, 0x00,
		0x00, 0x00, 0x00, 0x00,
		0x00, 0x00, 0x00, 0x00,
		0x00, 0x00, 0x00, 0x00,
		0x00, 0x00, 0x00, 0x00,
		0x00, 0x00, 0x00, 0x00,
		0x00, 0x00, 0x00, 0x00,
		0x00, 0x00, 0x00, 0x00,
		0x00, 0x00, 0x00, 0x00,
		0x00, 0x00, 0x00, 0x00,
		0x00, 0x00, 0x00, 0x00,
		0x00, 0x00, 0x00, 0x00,
		0x00, 0x00, 0x00, 0x00,
		0x00, 0x00, 0x00, 0x00,
		0x00, 0x00, 0x00, 0x00,
		0x00, 0x00, 0x00, 0x00,
		0x00, 0x00, 0x00, 0x00,
		0x00, 0x00, 0x00, 0x00,
		0x00, 0x00, 0x00, 0x00,
		0x00, 0x00, 0x00, 0x00,
		0x00, 0x00, 0x00, 0x00,
		0x00, 0x00, 0x00, 0x00,
		0x00, 0x00, 0x00, 0x00,
		0x00, 0x00, 0x00, 0x00,
		0x00, 0x00, 0x00, 0x00,
		0x00, 0x00, 0x00, 0x00,
		0x00, 0x00, 0x00, 0x00,
		0x00, 0x00, 0x00, 0x00,
		0x00, 0x00, 0x00, 0x00,
		0x00, 0x00, 0x00, 0x00,
		0x00, 0x00, 0x00, 0x00,
		0x00, 0x00, 0x00, 0x00,
		0x00, 0x00, 0x00, 0x00,
		0x00, 0x00, 0x00, 0x00,
		0x00, 0x00, 0x00, 0x00,
		0x00, 0x00, 0x00, 0x00,
		0x00, 0x00, 0x00, 0x00,
		0x00, 0x00, 0x00, 0x00,
		0x00, 0x00, 0x00, 0x00,
		0x00, 0x00, 0x00, 0x00,
		0x00, 0x00, 0x00, 0x00,
		0x00, 0x00, 0x00, 0x00,
		0x00, 0x00, 0x00, 0x00,
		0x00, 0x00, 0x00, 0x00,
		0x00, 0x00, 0x00, 0x00,
		0x00, 0x00, 0x00, 0x00,
		0x00, 0x00, 0x00, 0x00,
		0x00, 0x00, 0x00, 0x00,
		0x00, 0x00, 0x00, 0x00,
		0x00, 0x00, 0x00, 0x00,
		0x00, 0x00, 0x00, 0x00,
		0x00, 0x00, 0x00, 0x00,
		0x00, 0x00, 0x00, 0x00,
		0x00, 0x00, 0x00, 0x00,
		0x00, 0x00, 0x00, 0x00,
		0x00, 0x00, 0x00, 0x00,
		0x00, 0x00, 0x00, 0x00,
		0x00, 0x00, 0x00, 0x00,
		0x00, 0x00, 0x00, 0x00,
		0x00, 0x00, 0x00, 0x00,
		0x00, 0x00, 0x00, 0x00,
		0x00, 0x00, 0x00, 0x00,
		0x00, 0x00, 0x00, 0x00,
		0x00, 0x00, 0x00, 0x00,
		0x00, 0x00, 0x00, 0x00,
		0x00, 0x00, 0x00, 0x00,
		0x00, 0x00, 0x00, 0x00,
		0x00, 0x00, 0x00, 0x00,
		0x00, 0x00, 0x00, 0x00,
		0x00, 0x00, 0x00, 0x00,
		0x00, 0x00, 0x00, 0x00,
		0x00, 0x00, 0x00, 0x00,
		0x00, 0x00, 0x00, 0x00,
		0x00, 0x00, 0x00, 0x00,
		0x00, 0x00, 0x00, 0x00,
		0x00, 0x00, 0x00, 0x00,
		0x00, 0x00, 0x00, 0x00,
		0x00, 0x00, 0x00, 0x00,
		0x00, 0x00, 0x00, 0x00,
		0x00, 0x00, 0x00, 0x00,
		0x00, 0x00, 0x00, 0x00,
		0x00, 0x00, 0x00, 0x00,
		0x00, 0x00, 0x00, 0x00,
		0x00, 0x00, 0x00, 0x00,
		0x00, 0x00, 0x00, 0x00,
		0x00, 0x00, 0x00, 0x00,
		0x00, 0x00, 0x00, 0x00,
		0x00, 0x00, 0x00, 0x00,
		0x00, 0x00, 0x00, 0x00,
		0x00, 0x00, 0x00, 0x00,
		0x00, 0x00, 0x00, 0x00,
		0x00, 0x00, 0x00, 0x00,
		0x00, 0x00, 0x00, 0x00,
		0x00, 0x00, 0x00, 0x00,
		0x00, 0x00, 0x00, 0x00,
		0x00, 0x00, 0x00, 0x00,
		0x00, 0x00, 0x00, 0x00,
		0x00, 0x00, 0x00, 0x00,
		0x00, 0x00, 0x00, 0x00,
		0x00, 0x00, 0x00, 0x00,
		0x00, 0x00, 0x00, 0x00,
		0x00, 0x00, 0x00, 0x00,
		0x00, 0x00, 0x00, 0x00,
		0x00, 0x00, 0x00, 0x00,
		0x00, 0x00, 0x00, 0x00,
		0x00, 0x00, 0x00, 0x00,
		0x00, 0x00, 0x00, 0x00,
		0x00, 0x00, 0x00, 0x00,
		0x00, 0x00, 0x00, 0x00,
		0x00, 0x00, 0x00, 0x00,
		0x00, 0x00, 0x00, 0x00,
		0x00, 0x00, 0x00, 0x00,
		0x00, 0x00, 0x00, 0x00,
		0x00, 0x00, 0x00, 0x00,
		0x00, 0x00, 0x00, 0x00,
		0x00, 0x00, 0x00, 0x00,
		0x00, 0x00, 0x00, 0x00,
		0x00, 0x00, 0x00, 0x00,
		0x00, 0x00, 0x00, 0x00,
		0x00, 0x00, 0x00, 0x00,
		0x00, 0x00, 0x00, 0x00,
		0x00, 0x00, 0x00, 0x00,
		0x00, 0x00, 0x00, 0x00,
		0x00, 0x00, 0x00, 0x00,
		0x00, 0x00, 0x00, 0x00,
		0x00, 0x00, 0x00, 0x00,
		0x00, 0x00, 0x00, 0x00,
		0x00, 0x00, 0x00, 0x00,
		0x00, 0x00, 0x00, 0x00,
		0x00, 0x00, 0x00, 0x00,
		0x00, 0x00, 0x00, 0x00,
		0x00, 0x00, 0x00, 0x00,
		0x00, 0x00, 0x00, 0x00,
		0x00, 0x00, 0x00, 0x00,
		0x00, 0x00, 0x00, 0x00,
		0x00, 0x00, 0x00, 0x00,
		0x00, 0x00, 0x00, 0x00,
		0x00, 0x00, 0x00, 0x00,
		0x00, 0x00, 0x00, 0x00,
		0x00, 0x00, 0x00, 0x00,
		0x00, 0x00, 0x00, 0x00,
		0x00, 0x00, 0x00, 0x00,
		0x00, 0x00, 0x00, 0x00,
		0x00, 0x00, 0x00, 0x00,
		0x00, 0x00, 0x00, 0x00,
		0x00, 0x00, 0x00, 0x00,
		0x00, 0x00, 0x00, 0x00,
		0x00, 0x00, 0x00, 0x00,
		0x00, 0x00, 0x00, 0x00,
		0x00, 0x00, 0x00, 0x00,
		0x00, 0x00, 0x00, 0x00,
		0x00, 0x00, 0x00, 0x00,
		0x00, 0x00, 0x00, 0x00,
		0x00, 0x00, 0x00, 0x00,
		0x00, 0x00, 0x00, 0x00,
		0x00, 0x00, 0x00, 0x00,
		0x00, 0x00, 0x00, 0x00,
		0x00, 0x00, 0x00, 0x00,
		0x00, 0x00, 0x00, 0x00,
		0x00, 0x00, 0x00, 0x00,
		0x00, 0x00, 0x00, 0x00,
		0x00, 0x00, 0x00, 0x00,
		0x00, 0x00, 0x00, 0x00,
		0x00, 0x00, 0x00, 0x00,
		0x00, 0x00, 0x00, 0x00,
		0x00, 0x00, 0x00, 0x00,
		0x00, 0x00, 0x00, 0x00,
		0x00, 0x00, 0x00, 0x00,
		0x00, 0x00, 0x00, 0x00,
		0x00, 0x00, 0x00, 0x00,
		0x00, 0x00, 0x00, 0x00,
		0x00, 0x00, 0x00, 0x00,
		0x00, 0x00, 0x00, 0x00,
		0x00, 0x00, 0x00, 0x00,
		0x00, 0x00, 0x00, 0x00,
		0x00, 0x00, 0x00, 0x00,
		0x00, 0x00, 0x00, 0x00,
		0x00, 0x00, 0x00, 0x00,
		0x00, 0x00, 0x00, 0x00,
		0x00, 0x00, 0x00, 0x00,
		0x00, 0x00, 0x00, 0x00,
		0x00, 0x00, 0x00, 0x00,
		0x00, 0x00, 0x00, 0x00,
		0x00, 0x00, 0x00, 0x00,
		0x00, 0x00, 0x00, 0x00,
		0x00, 0x00, 0x00, 0x00,
		0x00, 0x00, 0x00, 0x00,
		0x00, 0x00, 0x00, 0x00,
		0x00, 0x00, 0x00, 0x00,
		0x00, 0x00, 0x00, 0x00,
		0x00, 0x00, 0x00, 0x00,
		0x00, 0x00, 0x00, 0x00,
		0x00, 0x00, 0x00, 0x00,
		0x00, 0x00, 0x00, 0x00,
		0x00, 0x00, 0x00, 0x00,
		0x00, 0x00, 0x00, 0x00,
		0x00, 0x00, 0x00, 0x00,
		0x00, 0x00, 0x00, 0x00,
		0x00, 0x00, 0x00, 0x00,
		0x00, 0x00, 0x00, 0x00,
		0x00, 0x00, 0x00, 0x00,
		0x00, 0x00, 0x00, 0x00,
		0x00, 0x00, 0x00, 0x00,
		0x00, 0x00, 0x00, 0x00,
		0x00, 0x00, 0x00, 0x00,
		0x00, 0x00, 0x00, 0x00,
		0x00, 0x00, 0x00, 0x00,
		0x00, 0x00, 0x00, 0x00,
		0x00, 0x00, 0x00, 0x00,
		0x00, 0x00, 0x00, 0x00,
		0x00, 0x00, 0x00, 0x00,
		0x00, 0x00, 0x00, 0x00,
		0x00, 0x00, 0x00, 0x00,
		0x00, 0x00, 0x00, 0x00,
		0x00, 0x00, 0x00, 0x00,
		0x00, 0x00, 0x00, 0x00,
		0x00, 0x00, 0x00, 0x00,
		0x00, 0x00, 0x00, 0x00,
		0x00, 0x00, 0x00, 0x00,
		0x00, 0x00, 0x00, 0x00,
		0x00, 0x00, 0x00, 0x00,
		0x00, 0x00, 0x00, 0x00,
		0x00, 0x00, 0x00, 0x00,
		0x00, 0x00, 0x00, 0x00,
		0x00, 0x00, 0x00, 0x00,
		0x00, 0x00, 0x00, 0x00,
		0x00, 0x00, 0x00, 0x00,
		0x00, 0x00, 0x00, 0x00,
		0x00, 0x00, 0x00, 0x00,
		0x00, 0x00, 0x00, 0x00,
		0x00, 0x00, 0x00, 0x00,
		0x00, 0x00, 0x00, 0x00,
		0x00, 0x00, 0x00, 0x00,
		0x00, 0x00, 0x00, 0x00,
		0x00, 0x00, 0x00, 0x00,
		0x00, 0x00, 0x00, 0x00,
		0x00, 0x00, 0x00, 0x00,
		0x00, 0x00, 0x00, 0x00,
		0x00, 0x00, 0x00, 0x00,
		0x00, 0x00, 0x00, 0x00,
		0x00, 0x00, 0x00, 0x00,
		0x00, 0x00, 0x00, 0x00,
		0x00, 0x00, 0x00, 0x00,
		0x00, 0x00, 0x00, 0x00,
		0x00, 0x00, 0x00, 0x00,
		0x00, 0x00, 0x00, 0x00,
		0x00, 0x00, 0x00, 0x00,
		0x00, 0x00, 0x00, 0x00,
		0x00, 0x00, 0x00, 0x00,
		0x00, 0x00, 0x00, 0x00,
		0x00, 0x00, 0x00, 0x00,
		0x00, 0x00, 0x00, 0x00,
		0x00, 0x00, 0x00, 0x00,
		0x00, 0x00, 0x00, 0x00,
		0x00, 0x00, 0x00, 0x00,
		0x00, 0x00, 0x00, 0x00,
		0x00, 0x00, 0x00, 0x00,
		0x00, 0x00, 0x00, 0x00,
		0x00, 0x00, 0x00, 0x00,
		0x00, 0x00, 0x00, 0x00,
		0x00, 0x00, 0x00, 0x00,
		0x00, 0x00, 0x00, 0x00,
		0x00, 0x00, 0x00, 0x00,
		0x00, 0x00, 0x00, 0x00,
		0x00, 0x00, 0x00, 0x00,
		0x00, 0x00, 0x00, 0x00,
		0x00, 0x00, 0x00, 0x00,
		0x00, 0x00, 0x00, 0x00,
		0x00, 0x00, 0x00, 0x00,
		0x00, 0x00, 0x00, 0x00,
		0x00, 0x00, 0x00, 0x00,
		0x00, 0x00, 0x00, 0x00,
		0x00, 0x00, 0x00, 0x00,
		0x00, 0x00, 0x00, 0x00,
		0x00, 0x00, 0x00, 0x00,
		0x00, 0x00, 0x00, 0x00,
		0x00, 0x00, 0x00, 0x00,
		0x00, 0x00, 0x00, 0x00,
		0x00, 0x00, 0x00, 0x00,
		0x00, 0x00, 0x00, 0x00,
		0x00, 0x00, 0x00, 0x00,
		0x00, 0x00, 0x00, 0x00,
		0x00, 0x00, 0x00, 0x00,
		0x00, 0x00, 0x00, 0x00,
		0x00, 0x00, 0x00, 0x00,
		0x00, 0x00, 0x00, 0x00,
		0x00, 0x00, 0x00, 0x00,
		0x00, 0x00, 0x00, 0x00,
		0x00, 0x00, 0x00, 0x00,
		0x00, 0x00, 0x00, 0x00,
		0x00, 0x00, 0x00, 0x00,
		0x00, 0x00, 0x00, 0x00,
		0x00, 0x00, 0x00, 0x00,
		0x00, 0x00, 0x00, 0x00,
		0x00, 0x00, 0x00, 0x00,
		0x00, 0x00, 0x00, 0x00,
		0x00, 0x00, 0x00, 0x00,
		0x00, 0x00, 0x00, 0x00,
		0x00, 0x00, 0x00, 0x00,
		0x00, 0x00, 0x00, 0x00,
		0x00, 0x00, 0x00, 0x00,
		0x00, 0x00, 0x00, 0x00,
		0x00, 0x00, 0x00, 0x00,
		0x00, 0x00, 0x00, 0x00,
		0x00, 0x00, 0x00, 0x00,
		0x00, 0x00, 0x00, 0x00,
		0x00, 0x00, 0x00, 0x00,
		0x00, 0x00, 0x00, 0x00,
		0x00, 0x00, 0x00, 0x00,
		0x00, 0x00, 0x00, 0x00,
		0x00, 0x00, 0x00, 0x00,
		0x00, 0x00, 0x00, 0x00,
		0x00, 0x00, 0x00, 0x00,
		0x00, 0x00, 0x00, 0x00,
		0x00, 0x00, 0x00, 0x00,
		0x00, 0x00, 0x00, 0x00,
		0x00, 0x00, 0x00, 0x00,
		0x00, 0x00, 0x00, 0x00,
		0x00, 0x00, 0x00, 0x00,
		0x00, 0x00, 0x00, 0x00,
		0x00, 0x00, 0x00, 0x00,
		0x00, 0x00, 0x00, 0x00,
		0x00, 0x00, 0x00, 0x00,
		0x00, 0x00, 0x00, 0x00,
		0x00, 0x00, 0x00, 0x00,
		0x00, 0x00, 0x00, 0x00,
		0x00, 0x00, 0x00, 0x00,
		0x00, 0x00, 0x00, 0x00,
		0x00, 0x00, 0x00, 0x00,
		0x00, 0x00, 0x00, 0x00,
		0x00, 0x00, 0x00, 0x00,
		0x00, 0x00, 0x00, 0x00,
		0x00, 0x00, 0x00, 0x00,
		0x00, 0x00, 0x00, 0x00,
		0x00, 0x00, 0x00, 0x00,
		0x00, 0x00, 0x00, 0x00,
		0x00, 0x00, 0x00, 0x00,
		0x00, 0x00, 0x00, 0x00,
		0x00, 0x00, 0x00, 0x00,
		0x00, 0x00, 0x00, 0x00,
		0x00, 0x00, 0x00, 0x00,
		0x00, 0x00, 0x00, 0x00,
		0x00, 0x00, 0x00, 0x00,
		0x00, 0x00, 0x00, 0x00,
		0x00, 0x00, 0x00, 0x00,
		0x00, 0x00, 0x00, 0x00,
		0x00, 0x00, 0x00, 0x00,
		0x00, 0x00, 0x00, 0x00,
		0x00, 0x00, 0x00, 0x00,
		0x00, 0x00, 0x00, 0x00,
		0x00, 0x00, 0x00, 0x00,
		0x00, 0x00, 0x00, 0x00,
		0x00, 0x00, 0x00, 0x00,
		0x00, 0x00, 0x00, 0x00,
		0x00, 0x00, 0x00, 0x00,
		0x00, 0x00, 0x00, 0x00,
		0x00, 0x00, 0x00, 0x00,
		0x00, 0x00, 0x00, 0x00,
		0x00, 0x00, 0x00, 0x00,
		0x00, 0x00, 0x00, 0x00,
		0x00, 0x00, 0x00, 0x00,
		0x00, 0x00, 0x00, 0x00,
		0x00, 0x00, 0x00, 0x00,
		0x00, 0x00, 0x00, 0x00,
		0x00, 0x00, 0x00, 0x00,
		0x00, 0x00, 0x00, 0x00,
		0x00, 0x00, 0x00, 0x00,
		0x00, 0x00, 0x00, 0x00,
		0x00, 0x00, 0x00, 0x00,
		0x00, 0x00, 0x00, 0x00,
		0x00, 0x00, 0x00, 0x00,
		0x00, 0x00, 0x00, 0x00,
		0x00, 0x00, 0x00, 0x00,
		0x00, 0x00, 0x00, 0x00,
		0x00, 0x00, 0x00, 0x00,
		0x00, 0x00, 0x00, 0x00,
		0x00, 0x00, 0x00, 0x00,
		0x00, 0x00, 0x00, 0x00,
		0x00, 0x00, 0x00, 0x00,
		0x00, 0x00, 0x00, 0x00,
		0x00, 0x00, 0x00, 0x00,
		0x00, 0x00, 0x00, 0x00,
		0x00, 0x00, 0x00, 0x00,
		0x00, 0x00, 0x00, 0x00,
		0x00, 0x00, 0x00, 0x00,
		0x00, 0x00, 0x00, 0x00,
		0x00, 0x00, 0x00, 0x00,
		0x00, 0x00, 0x00, 0x00,
		0x00, 0x00, 0x00, 0x00,
		0x00, 0x00, 0x00, 0x00,
		0x00, 0x00, 0x00, 0x00,
		0x00, 0x00, 0x00, 0x00,
		0x00, 0x00, 0x00, 0x00,
		0x00, 0x00, 0x00, 0x00,
		0x00, 0x00, 0x00, 0x00,
		0x00, 0x00, 0x00, 0x00,
		0x00, 0x00, 0x00, 0x00,
		0x00, 0x00, 0x00, 0x00,
		0x00, 0x00, 0x00, 0x00,
		0x00, 0x00, 0x00, 0x00,
		0x00, 0x00, 0x00, 0x00,
		0x00, 0x00, 0x00, 0x00,
		0x00, 0x00, 0x00, 0x00,
		0x00, 0x00, 0x00, 0x00,
		0x00, 0x00, 0x00, 0x00,
		0x00, 0x00, 0x00, 0x00,
		0x00, 0x00, 0x00, 0x00,
		0x00, 0x00, 0x00, 0x00,
		0x00, 0x00, 0x00, 0x00,
		0x00, 0x00, 0x00, 0x00,
		0x00, 0x00, 0x00, 0x00,
		0x00, 0x00, 0x00, 0x00,
		0x00, 0x00, 0x00, 0x00,
		0x00, 0x00, 0x00, 0x00,
		0x00, 0x00, 0x00, 0x00,
		0x00, 0x00, 0x00, 0x00,
		0x00, 0x00, 0x00, 0x00,
		0x00, 0x00, 0x00, 0x00,
		0x00, 0x00, 0x00, 0x00,
		0x00, 0x00, 0x00, 0x00,
		0x00, 0x00, 0x00, 0x00,
		0x00, 0x00, 0x00, 0x00,
		0x00, 0x00, 0x00, 0x00,
		0x00, 0x00, 0x00, 0x00,
		0x00, 0x00, 0x00, 0x00,
		0x00, 0x00, 0x00, 0x00,
		0x00, 0x00, 0x00, 0x00,
		0x00, 0x00, 0x00, 0x00,
		0x00, 0x00, 0x00, 0x00,
		0x00, 0x00, 0x00, 0x00,
		0x00, 0x00, 0x00, 0x00,
		0x00, 0x00, 0x00, 0x00,
		0x00, 0x00, 0x00, 0x00,
		0x00, 0x00, 0x00, 0x00,
		0x00, 0x00, 0x00, 0x00,
		0x00, 0x00, 0x00, 0x00,
		0x00, 0x00, 0x00, 0x00,
		0x00, 0x00, 0x00, 0x00,
		0x00, 0x00, 0x00, 0x00,
		0x00, 0x00, 0x00, 0x00,
		0x00, 0x00, 0x00, 0x00,
		0x00, 0x00, 0x00, 0x00,
		0x00, 0x00, 0x00, 0x00,
		0x00, 0x00, 0x00, 0x00,
		0x00, 0x00, 0x00, 0x00,
		0x00, 0x00, 0x00, 0x00,
		0x00, 0x00, 0x00, 0x00,
		0x00, 0x00, 0x00, 0x00,
		0x00, 0x00, 0x00, 0x00,
		0x00, 0x00, 0x00, 0x00,
		0x00, 0x00, 0x00, 0x00,
		0x00, 0x00, 0x00, 0x00,
		0x00, 0x00, 0x00, 0x00,
		0x00, 0x00, 0x00, 0x00,
		0x00, 0x00, 0x00, 0x00,
		0x00, 0x00, 0x00, 0x00,
		0x00, 0x00, 0x00, 0x00,
		0x00, 0x00, 0x00, 0x00,
		0x00, 0x00, 0x00, 0x00,
		0x00, 0x00, 0x00, 0x00,
		0x00, 0x00, 0x00, 0x00,
		0x00, 0x00, 0x00, 0x00,
		0x00, 0x00, 0x00, 0x00,
		0x00, 0x00, 0x00, 0x00,
		0x00, 0x00, 0x00, 0x00,
		0x00, 0x00, 0x00, 0x00,
		0x00, 0x00, 0x00, 0x00,
		0x00, 0x00, 0x00, 0x00,
		0x00, 0x00, 0x00, 0x00,
		0x00, 0x00, 0x00, 0x00,
		0x00, 0x00, 0x00, 0x00,
		0x00, 0x00, 0x00, 0x00,
		0x00, 0x00, 0x00, 0x00,
		0x00, 0x00, 0x00, 0x00,
		0x00, 0x00, 0x00, 0x00,
		0x00, 0x00, 0x00, 0x00,
		0x00, 0x00, 0x00, 0x00,
		0x00, 0x00, 0x00, 0x00,
		0x00, 0x00, 0x00, 0x00,
		0x00, 0x00, 0x00, 0x00,
		0x00, 0x00, 0x00, 0x00,
		0x00, 0x00, 0x00, 0x00,
		0x00, 0x00, 0x00, 0x00,
		0x00, 0x00, 0x00, 0x00,
		0x00, 0x00, 0x00, 0x00,
		0x00, 0x00, 0x00, 0x00,
		0x00, 0x00, 0x00, 0x00,
		0x00, 0x00, 0x00, 0x00,
		0x00, 0x00, 0x00, 0x00,
		0x00, 0x00, 0x00, 0x00,
		0x00, 0x00, 0x00, 0x00,
		0x00, 0x00, 0x00, 0x00,
		0x00, 0x00, 0x00, 0x00,
		0x00, 0x00, 0x00, 0x00,
		0x00, 0x00, 0x00, 0x00,
		0x00, 0x00, 0x00, 0x00,
		0x00, 0x00, 0x00, 0x00,
		0x00, 0x00, 0x00, 0x00,
		0x00, 0x00, 0x00, 0x00,
		0x00, 0x00, 0x00, 0x00,
		0x00, 0x00, 0x00, 0x00,
		0x00, 0x00, 0x00, 0x00,
		0x00, 0x00, 0x00, 0x00,
		0x00, 0x00, 0x00, 0x00,
		0x00, 0x00, 0x00, 0x00,
		0x00, 0x00, 0x00, 0x00,
		0x00, 0x00, 0x00, 0x00,
		0x00, 0x00, 0x00, 0x00,
		0x00, 0x00, 0x00, 0x00,
		0x00, 0x00, 0x00, 0x00,
		0x00, 0x00, 0x00, 0x00,
		0x00, 0x00, 0x00, 0x00,
		0x00, 0x00, 0x00, 0x00,
		0x00, 0x00, 0x00, 0x00,
		0x00, 0x00, 0x00, 0x00,
		0x00, 0x00, 0x00, 0x00,
		0x00, 0x00, 0x00, 0x00,
		0x00, 0x00, 0x00, 0x00,
		0x00, 0x00, 0x00, 0x00,
		0x00, 0x00, 0x00, 0x00,
		0x00, 0x00, 0x00, 0x00,
		0x00, 0x00, 0x00, 0x00,
		0x00, 0x00, 0x00, 0x00,
		0x00, 0x00, 0x00, 0x00,
		0x00, 0x00, 0x00, 0x00,
		0x00, 0x00, 0x00, 0x00,
		0x00, 0x00, 0x00, 0x00,
		0x00, 0x00, 0x00, 0x00,
		0x00, 0x00, 0x00, 0x00,
		0x00, 0x00, 0x00, 0x00,
		0x00, 0x00, 0x00, 0x00,
		0x00, 0x00, 0x00, 0x00,
		0x00, 0x00, 0x00, 0x00,
		0x00, 0x00, 0x00, 0x00,
		0x00, 0x00, 0x00, 0x00,
		0x00, 0x00, 0x00, 0x00,
		0x00, 0x00, 0x00, 0x00,
		0x00, 0x00, 0x00, 0x00,
		0x00, 0x00, 0x00, 0x00,
		0x00, 0x00, 0x00, 0x00,
		0x00, 0x00, 0x00, 0x00,
		0x00, 0x00, 0x00, 0x00,
		0x00, 0x00, 0x00, 0x00,
		0x00, 0x00, 0x00, 0x00,
		0x00, 0x00, 0x00, 0x00,
		0x00, 0x00, 0x00, 0x00,
		0x00, 0x00, 0x00, 0x00,
		0x00, 0x00, 0x00, 0x00,
		0x00, 0x00, 0x00, 0x00,
		0x00, 0x00, 0x00, 0x00,
		0x00, 0x00, 0x00, 0x00,
		0x00, 0x00, 0x00, 0x00,
		0x00, 0x00, 0x00, 0x00,
		0x00, 0x00, 0x00, 0x00,
		0x00, 0x00, 0x00, 0x00,
		0x00, 0x00, 0x00, 0x00,
		0x00, 0x00, 0x00, 0x00,
		0x00, 0x00, 0x00, 0x00,
		0x00, 0x00, 0x00, 0x00,
		0x00, 0x00, 0x00, 0x00,
		0x00, 0x00, 0x00, 0x00,
		0x00, 0x00, 0x00, 0x00,
		0x00, 0x00, 0x00, 0x00,
		0x00, 0x00, 0x00, 0x00,
		0x00, 0x00, 0x00, 0x00,
		0x00, 0x00, 0x00, 0x00,
		0x00, 0x00, 0x00, 0x00,
		0x00, 0x00, 0x00, 0x00,
		0x00, 0x00, 0x00, 0x00,
		0x00, 0x00, 0x00, 0x00,
		0x00, 0x00, 0x00, 0x00,
		0x00, 0x00, 0x00, 0x00,
		0x00, 0x00, 0x00, 0x00,
		0x00, 0x00, 0x00, 0x00,
		0x00, 0x00, 0x00, 0x00,
		0x00, 0x00, 0x00, 0x00,
		0x00, 0x00, 0x00, 0x00,
		0x00, 0x00, 0x00, 0x00,
		0x00, 0x00, 0x00, 0x00,
		0x00, 0x00, 0x00, 0x00,
		0x00, 0x00, 0x00, 0x00,
		0x00, 0x00, 0x00, 0x00,
		0x00, 0x00, 0x00, 0x00,
		0x00, 0x00, 0x00, 0x00,
		0x00, 0x00, 0x00, 0x00,
		0x00, 0x00, 0x00, 0x00,
		0x00, 0x00, 0x00, 0x00,
		0x00, 0x00, 0x00, 0x00,
		0x00, 0x00, 0x00, 0x00,
		0x00, 0x00, 0x00, 0x00,
		0x00, 0x00, 0x00, 0x00,
		0x00, 0x00, 0x00, 0x00,
		0x00, 0x00, 0x00, 0x00,
		0x00, 0x00, 0x00, 0x00,
		0x00, 0x00, 0x00, 0x00,
		0x00, 0x00, 0x00, 0x00,
		0x00, 0x00, 0x00, 0x00,
		0x00, 0x00, 0x00, 0x00,
		0x00, 0x00, 0x00, 0x00,
		0x00, 0x00, 0x00, 0x00,
		0x00, 0x00, 0x00, 0x00,
		0x00, 0x00, 0x00, 0x00,
		0x00, 0x00, 0x00, 0x00,
		0x00, 0x00, 0x00, 0x00,
		0x00, 0x00, 0x00, 0x00,
		0x00, 0x00, 0x00, 0x00,
		0x00, 0x00, 0x00, 0x00,
		0x00, 0x00, 0x00, 0x00,
		0x00, 0x00, 0x00, 0x00,
		0x00, 0x00, 0x00, 0x00,
		0x00, 0x00, 0x00, 0x00,
		0x00, 0x00, 0x00, 0x00,
		0x00, 0x00, 0x00, 0x00,
		0x00, 0x00, 0x00, 0x00,
		0x00, 0x00, 0x00, 0x00,
		0x00, 0x00, 0x00, 0x00,
		0x00, 0x00, 0x00, 0x00,
		0x00, 0x00, 0x00, 0x00,
		0x00, 0x00, 0x00, 0x00,
		0x00, 0x00, 0x00, 0x00,
		0x00, 0x00, 0x00, 0x00,
		0x00, 0x00, 0x00, 0x00,
		0x00, 0x00, 0x00, 0x00,
		0x00, 0x00, 0x00, 0x00,
		0x00, 0x00, 0x00, 0x00,
		0x00, 0x00, 0x00, 0x00,
		0x00, 0x00, 0x00, 0x00,
		0x00, 0x00, 0x00, 0x00,
		0x00, 0x00, 0x00, 0x00,
		0x00, 0x00, 0x00, 0x00,
		0x00, 0x00, 0x00, 0x00,
		0x00, 0x00, 0x00, 0x00,
		0x00, 0x00, 0x00, 0x00,
		0x00, 0x00, 0x00, 0x00,
		0x00, 0x00, 0x00, 0x00,
		0x00, 0x00, 0x00, 0x00,
		0x00, 0x00, 0x00, 0x00,
		0x00, 0x00, 0x00, 0x00,
		0x00, 0x00, 0x00, 0x00,
		0x00, 0x00, 0x00, 0x00,
		0x00, 0x00, 0x00, 0x00,
		0x00, 0x00, 0x00, 0x00,
		0x00, 0x00, 0x00, 0x00,
		0x00, 0x00, 0x00, 0x00,
		0x00, 0x00, 0x00, 0x00,
		0x00, 0x00, 0x00, 0x00,
		0x00, 0x00, 0x00, 0x00,
		0x00, 0x00, 0x00, 0x00,
		0x00, 0x00, 0x00, 0x00,
		0x00, 0x00, 0x00, 0x00,
		0x00, 0x00, 0x00, 0x00,
		0x00, 0x00, 0x00, 0x00,
		0x00, 0x00, 0x00, 0x00,
		0x00, 0x00, 0x00, 0x00,
		0x00, 0x00, 0x00, 0x00,
		0x00, 0x00, 0x00, 0x00,
		0x00, 0x00, 0x00, 0x00,
		0x00, 0x00, 0x00, 0x00,
		0x00, 0x00, 0x00, 0x00,
		0x00, 0x00, 0x00, 0x00,
		0x00, 0x00, 0x00, 0x00,
		0x00, 0x00, 0x00, 0x00,
		0x00, 0x00, 0x00, 0x00,
		0x00, 0x00, 0x00, 0x00,
		0x00, 0x00, 0x00, 0x00,
		0x00, 0x00, 0x00, 0x00,
		0x00, 0x00, 0x00, 0x00,
		0x00, 0x00, 0x00, 0x00,
		0x00, 0x00, 0x00, 0x00,
		0x00, 0x00, 0x00, 0x00,
		0x00, 0x00, 0x00, 0x00,
		0x00, 0x00, 0x00, 0x00,
		0x00, 0x00, 0x00, 0x00,
		0x00, 0x00, 0x00, 0x00,
		0x00, 0x00, 0x00, 0x00,
		0x00, 0x00, 0x00, 0x00,
		0x00, 0x00, 0x00, 0x00,
		0x00, 0x00, 0x00, 0x00,
		0x00, 0x00, 0x00, 0x00,
		0x00, 0x00, 0x00, 0x00,
		0x00, 0x00, 0x00, 0x00,
		0x00, 0x00, 0x00, 0x00,
		0x00, 0x00, 0x00, 0x00,
		0x00, 0x00, 0x00, 0x00,
		0x00, 0x00, 0x00, 0x00,
		0x00, 0x00, 0x00, 0x00,
		0x00, 0x00, 0x00, 0x00,
		0x00, 0x00, 0x00, 0x00,
		0x00, 0x00, 0x00, 0x00,
		0x00, 0x00, 0x00, 0x00,
		0x00, 0x00, 0x00, 0x00,
		0x00, 0x00, 0x00, 0x00,
		0x00, 0x00, 0x00, 0x00,
		0x00, 0x00, 0x00, 0x00,
		0x00, 0x00, 0x00, 0x00,
		0x00, 0x00, 0x00, 0x00,
		0x00, 0x00, 0x00, 0x00,
		0x00, 0x00, 0x00, 0x00,
		0x00, 0x00, 0x00, 0x00,
		0x00, 0x00, 0x00, 0x00,
		0x00, 0x00, 0x00, 0x00,
		0x00, 0x00, 0x00, 0x00,
		0x00, 0x00, 0x00, 0x00,
		0x00, 0x00, 0x00, 0x00,
		0x00, 0x00, 0x00, 0x00,
		0x00, 0x00, 0x00, 0x00,
		0x00, 0x00, 0x00, 0x00,
		0x00, 0x00, 0x00, 0x00,
		0x00, 0x00, 0x00, 0x00,
		0x00, 0x00, 0x00, 0x00,
		0x00, 0x00, 0x00, 0x00,
		0x00, 0x00, 0x00, 0x00,
		0x00, 0x00, 0x00, 0x00,
		0x00, 0x00, 0x00, 0x00,
		0x00, 0x00, 0x00, 0x00,
		0x00, 0x00, 0x00, 0x00,
		0x00, 0x00, 0x00, 0x00,
		0x00, 0x00, 0x00, 0x00,
		0x00, 0x00, 0x00, 0x00,
		0x00, 0x00, 0x00, 0x00,
		0x00, 0x00, 0x00, 0x00,
		0x00, 0x00, 0x00, 0x00,
		0x00, 0x00, 0x00, 0x00,
		0x00, 0x00, 0x00, 0x00,
		0x00, 0x00, 0x00, 0x00,
		0x00, 0x00, 0x00, 0x00,
		0x00, 0x00, 0x00, 0x00,
		0x00, 0x00, 0x00, 0x00,
		0x00, 0x00, 0x00, 0x00,
		0x00, 0x00, 0x00, 0x00,
		0x00, 0x00, 0x00, 0x00,
		0x00, 0x00, 0x00, 0x00,
		0x00, 0x00, 0x00, 0x00,
		0x00, 0x00, 0x00, 0x00,
		0x00, 0x00, 0x00, 0x00,
		0x00, 0x00, 0x00, 0x00,
		0x00, 0x00, 0x00, 0x00,
		0x00, 0x00, 0x00, 0x00,
		0x00, 0x00, 0x00, 0x00,
		0x00, 0x00, 0x00, 0x00,
		0x00, 0x00, 0x00, 0x00,
		0x00, 0x00, 0x00, 0x00,
		0x00, 0x00, 0x00, 0x00,
		0x00, 0x00, 0x00, 0x00,
		0x00, 0x00, 0x00, 0x00,
		0x00, 0x00, 0x00, 0x00,
		0x00, 0x00, 0x00, 0x00,
		0x00, 0x00, 0x00, 0x00,
		0x00, 0x00, 0x00, 0x00,
		0x00, 0x00, 0x00, 0x00,
		0x00, 0x00, 0x00, 0x00,
		0x00, 0x00, 0x00, 0x00,
		0x00, 0x00, 0x00, 0x00,
		0x00, 0x00, 0x00, 0x00,
		0x00, 0x00, 0x00, 0x00,
		0x00, 0x00, 0x00, 0x00,
		0x00, 0x00, 0x00, 0x00,
		0x00, 0x00, 0x00, 0x00,
		0x00, 0x00, 0x00, 0x00,
		0x00, 0x00, 0x00, 0x00,
		0x00, 0x00, 0x00, 0x00,
		0x00, 0x00, 0x00, 0x00,
		0x00, 0x00, 0x00, 0x00,
		0x00, 0x00, 0x00, 0x00,
		0x00, 0x00, 0x00, 0x00,
		0x00, 0x00, 0x00, 0x00,
		0x00, 0x00, 0x00, 0x00,
		0x00, 0x00, 0x00, 0x00,
		0x00, 0x00, 0x00, 0x00,
		0x00, 0x00, 0x00, 0x00,
		0x00, 0x00, 0x00, 0x00,
		0x00, 0x00, 0x00, 0x00,
		0x00, 0x00, 0x00, 0x00,
		0x00, 0x00, 0x00, 0x00,
		0x00, 0x00, 0x00, 0x00,
		0x00, 0x00, 0x00, 0x00,
		0x00, 0x00, 0x00, 0x00,
		0x00, 0x00, 0x00, 0x00,
		0x00, 0x00, 0x00, 0x00,
		0x00, 0x00, 0x00, 0x00,
		0x00, 0x00, 0x00, 0x00,
		0x00, 0x00, 0x00, 0x00,
		0x00, 0x00, 0x00, 0x00,
		0x00, 0x00, 0x00, 0x00,
		0x00, 0x00, 0x00, 0x00,
		0x00, 0x00, 0x00, 0x00,
		0x00, 0x00, 0x00, 0x00,
		0x00, 0x00, 0x00, 0x00,
		0x00, 0x00, 0x00, 0x00,
		0x00, 0x00, 0x00, 0x00,
		0x00, 0x00, 0x00, 0x00,
		0x00, 0x00, 0x00, 0x00,
		0x00, 0x00, 0x00, 0x00,
		0x00, 0x00, 0x00, 0x00,
		0x00, 0x00, 0x00, 0x00,
		0x00, 0x00, 0x00, 0x00,
		0x00, 0x00, 0x00, 0x00,
		0x00, 0x00, 0x00, 0x00,
		0x00, 0x00, 0x00, 0x00,
		0x00, 0x00, 0x00, 0x00,
		0x00, 0x00, 0x00, 0x00,
		0x00, 0x00, 0x00, 0x00,
		0x00, 0x00, 0x00, 0x00,
		0x00, 0x00, 0x00, 0x00,
		0x00, 0x00, 0x00, 0x00,
		0x00, 0x00, 0x00, 0x00,
		0x00, 0x00, 0x00, 0x00,
		0x00, 0x00, 0x00, 0x00,
		0x00, 0x00, 0x00, 0x00,
		0x00, 0x00, 0x00, 0x00,
		0x00, 0x00, 0x00, 0x00,
		0x00, 0x00, 0x00, 0x00,
		0x00, 0x00, 0x00, 0x00,
		0x00, 0x00, 0x00, 0x00,
		0x00, 0x00, 0x00, 0x00,
		0x00, 0x00, 0x00, 0x00,
		0x00, 0x00, 0x00, 0x00,
		0x00, 0x00, 0x00, 0x00,
		0x00, 0x00, 0x00, 0x00,
		0x00, 0x00, 0x00, 0x00,
		0x00, 0x00, 0x00, 0x00,
		0x00, 0x00, 0x00, 0x00,
		0x00, 0x00, 0x00, 0x00,
		0x00, 0x00, 0x00, 0x00,
		0x00, 0x00, 0x00, 0x00,
		0x00, 0x00, 0x00, 0x00,
		0x00, 0x00, 0x00, 0x00,
		0x00, 0x00, 0x00, 0x00,
		0x00, 0x00, 0x00, 0x00,
		0x00, 0x00, 0x00, 0x00,
		0x00, 0x00, 0x00, 0x00,
		0x00, 0x00, 0x00, 0x00,
		0x00, 0x00, 0x00, 0x00,
		0x00, 0x00, 0x00, 0x00,
		0x00, 0x00, 0x00, 0x00,
		0x00, 0x00, 0x00, 0x00,
		0x00, 0x00, 0x00, 0x00,
		0x00, 0x00, 0x00, 0x00,
		0x00, 0x00, 0x00, 0x00,
		0x00, 0x00, 0x00, 0x00,
		0x00, 0x00, 0x00, 0x00,
		0x00, 0x00, 0x00, 0x00,
		0x00, 0x00, 0x00, 0x00,
		0x00, 0x00, 0x00, 0x00,
		0x00, 0x00, 0x00, 0x00,
		0x00, 0x00, 0x00, 0x00,
		0x00, 0x00, 0x00, 0x00,
		0x00, 0x00, 0x00, 0x00,
		0x00, 0x00, 0x00, 0x00,
		0x00, 0x00, 0x00, 0x00,
		0x00, 0x00, 0x00, 0x00,
		0x00, 0x00, 0x00, 0x00,
		0x00, 0x00, 0x00, 0x00,
		0x00, 0x00, 0x00, 0x00,
		0x00, 0x00, 0x00, 0x00,
		0x00, 0x00, 0x00, 0x00,
		0x00, 0x00, 0x00, 0x00,
		0x00, 0x00, 0x00, 0x00,
		0x00, 0x00, 0x00, 0x00,
		0x00, 0x00, 0x00, 0x00,
		0x00, 0x00, 0x00, 0x00,
		0x00, 0x00, 0x00, 0x00,
		0x00, 0x00, 0x00, 0x00,
		0x00, 0x00, 0x00, 0x00,
		0x00, 0x00, 0x00, 0x00,
		0x00, 0x00, 0x00, 0x00,
		0x00, 0x00, 0x00, 0x00,
		0x00, 0x00, 0x00, 0x00,
		0x00, 0x00, 0x00, 0x00,
		0x00, 0x00, 0x00, 0x00,
		0x00, 0x00, 0x00, 0x00,
		0x00, 0x00, 0x00, 0x00,
		0x00, 0x00, 0x00, 0x00,
		0x00, 0x00, 0x00, 0x00,
		0x00, 0x00, 0x00, 0x00,
		0x00, 0x00, 0x00, 0x00,
		0x00, 0x00, 0x00, 0x00,
		0x00, 0x00, 0x00, 0x00,
		0x00, 0x00, 0x00, 0x00,
		0x00, 0x00, 0x00, 0x00,
		0x00, 0x00, 0x00, 0x00,
		0x00, 0x00, 0x00, 0x00,
		0x00, 0x00, 0x00, 0x00,
		0x00, 0x00, 0x00, 0x00,
		0x00, 0x00, 0x00, 0x00,
		0x00, 0x00, 0x00, 0x00,
		0x00, 0x00, 0x00, 0x00,
		0x00, 0x00, 0x00, 0x00,
		0x00, 0x00, 0x00, 0x00,
		0x00, 0x00, 0x00, 0x00,
		0x00, 0x00, 0x00, 0x00,
		0x00, 0x00, 0x00, 0x00,
		0x00, 0x00, 0x00, 0x00,
		0x00, 0x00, 0x00, 0x00,
		0x00, 0x00, 0x00, 0x00,
		0x00, 0x00, 0x00, 0x00,
		0x00, 0x00, 0x00, 0x00,
		0x00, 0x00, 0x00, 0x00,
		0x00, 0x00, 0x00, 0x00,
		0x00, 0x00, 0x00, 0x00,
		0x00, 0x00, 0x00, 0x00,
		0x00, 0x00, 0x00, 0x00,
		0x00, 0x00, 0x00, 0x00,
		0x00, 0x00, 0x00, 0x00,
		0x00, 0x00, 0x00, 0x00,
		0x00, 0x00, 0x00, 0x00,
		0x00, 0x00, 0x00, 0x00,
		0x00, 0x00, 0x00, 0x00,
		0x00, 0x00, 0x00, 0x00,
		0x00, 0x00, 0x00, 0x00,
		0x00, 0x00, 0x00, 0x00,
		0x00, 0x00, 0x00, 0x00,
		0x00, 0x00, 0x00, 0x00,
		0x00, 0x00, 0x00, 0x00,
		0x00, 0x00, 0x00, 0x00,
		0x00, 0x00, 0x00, 0x00,
		0x00, 0x00, 0x00, 0x00,
		0x00, 0x00, 0x00, 0x00,
		0x00, 0x00, 0x00, 0x00,
		0x00, 0x00, 0x00, 0x00,
		0x00, 0x00, 0x00, 0x00,
		0x00, 0x00, 0x00, 0x00,
		0x00, 0x00, 0x00, 0x00,
		0x00, 0x00, 0x00, 0x00,
		0x00, 0x00, 0x00, 0x00,
		0x00, 0x00, 0x00, 0x00,
		0x00, 0x00, 0x00, 0x00,
		0x00, 0x00, 0x00, 0x00,
		0x00, 0x00, 0x00, 0x00,
		0x00, 0x00, 0x00, 0x00,
		0x00, 0x00, 0x00, 0x00,
		0x00, 0x00, 0x00, 0x00,
		0x00, 0x00, 0x00, 0x00,
		0x00, 0x00, 0x00, 0x00,
		0x00, 0x00, 0x00, 0x00,
		0x00, 0x00, 0x00, 0x00,
		0x00, 0x00, 0x00, 0x00,
		0x00, 0x00, 0x00, 0x00,
		0x00, 0x00, 0x00, 0x00,
		0x00, 0x00, 0x00, 0x00,
		0x00, 0x00, 0x00, 0x00,
		0x00, 0x00, 0x00, 0x00,
		0x00, 0x00, 0x00, 0x00,
		0x00, 0x00, 0x00, 0x00,
		0x00, 0x00, 0x00, 0x00,
		0x00, 0x00, 0x00, 0x00,
		0x00, 0x00, 0x00, 0x00,
		0x00, 0x00, 0x00, 0x00,
		0x00, 0x00, 0x00, 0x00,
		0x00, 0x00, 0x00, 0x00,
		0x00, 0x00, 0x00, 0x00,
		0x00, 0x00, 0x00, 0x00,
		0x00, 0x00, 0x00, 0x00,
		0x00, 0x00, 0x00, 0x00,
		0x00, 0x00, 0x00, 0x00,
		0x00, 0x00, 0x00, 0x00,
		0x00, 0x00, 0x00, 0x00,
		0x00, 0x00, 0x00, 0x00,
		0x00, 0x00, 0x00, 0x00,
		0x00, 0x00, 0x00, 0x00,
		0x00, 0x00, 0x00, 0x00,
		0x00, 0x00, 0x00, 0x00,
		0x00, 0x00, 0x00, 0x00,
		0x00, 0x00, 0x00, 0x00,
		0x00, 0x00, 0x00, 0x00,
		0x00, 0x00, 0x00, 0x00,
		0x00, 0x00, 0x00, 0x00,
		0x00, 0x00, 0x00, 0x00,
		0x00, 0x00, 0x00, 0x00,
		0x00, 0x00, 0x00, 0x00,
		0x00, 0x00, 0x00, 0x00,
		0x00, 0x00, 0x00, 0x00,
		0x00, 0x00, 0x00, 0x00,
		0x00, 0x00, 0x00, 0x00,
		0x00, 0x00, 0x00, 0x00,
		0x00, 0x00, 0x00, 0x00,
		0x00, 0x00, 0x00, 0x00,
		0x00, 0x00, 0x00, 0x00,
		0x00, 0x00, 0x00, 0x00,
		0x00, 0x00, 0x00, 0x00,
		0x00, 0x00, 0x00, 0x00,
		0x00, 0x00, 0x00, 0x00,
		0x00, 0x00, 0x00, 0x00,
		0x00, 0x00, 0x00, 0x00,
		0x00, 0x00, 0x00, 0x00,
		0x00, 0x00, 0x00, 0x00,
		0x00, 0x00, 0x00, 0x00,
		0x00, 0x00, 0x00, 0x00,
		0x00, 0x00, 0x00, 0x00,
		0x00, 0x00, 0x00, 0x00,
		0x00, 0x00, 0x00, 0x00,
		0x00, 0x00, 0x00, 0x00,
		0x00, 0x00, 0x00, 0x00,
		0x00, 0x00, 0x00, 0x00,
		0x00, 0x00, 0x00, 0x00,
		0x00, 0x00, 0x00, 0x00,
		0x00, 0x00, 0x00, 0x00,
		0x00, 0x00, 0x00, 0x00,
		0x00, 0x00, 0x00, 0x00,
		0x00, 0x00, 0x00, 0x00,
		0x00, 0x00, 0x00, 0x00,
		0x00, 0x00, 0x00, 0x00,
		0x00, 0x00, 0x00, 0x00,
		0x00, 0x00, 0x00, 0x00,
		0x00, 0x00, 0x00, 0x00,
		0x00, 0x00, 0x00, 0x00,
		0x00, 0x00, 0x00, 0x00,
		0x00, 0x00, 0x00, 0x00,
		0x00, 0x00, 0x00, 0x00,
		0x00, 0x00, 0x00, 0x00,
		0x00, 0x00, 0x00, 0x00,
		0x00, 0x00, 0x00, 0x00,
		0x00, 0x00, 0x00, 0x00,
		0x00, 0x00, 0x00, 0x00,
		0x00, 0x00, 0x00, 0x00,
		0x00, 0x00, 0x00, 0x00,
		0x00, 0x00, 0x00, 0x00,
		0x00, 0x00, 0x00, 0x00,
		0x00, 0x00, 0x00, 0x00,
		0x00, 0x00, 0x00, 0x00,
		0x00, 0x00, 0x00, 0x00,
		0x00, 0x00, 0x00, 0x00,
		0x00, 0x00, 0x00, 0x00,
		0x00, 0x00, 0x00, 0x00,
		0x00, 0x00, 0x00, 0x00,
		0x00, 0x00, 0x00, 0x00,
		0x00, 0x00, 0x00, 0x00,
		0x00, 0x00, 0x00, 0x00,
		0x00, 0x00, 0x00, 0x00,
		0x00, 0x00, 0x00, 0x00,
		0x00, 0x00, 0x00, 0x00,
		0x00, 0x00, 0x00, 0x00,
		0x00, 0x00, 0x00, 0x00,
		0x00, 0x00, 0x00, 0x00,
		0x00, 0x00, 0x00, 0x00,
		0x00, 0x00, 0x00, 0x00,
		0x00, 0x00, 0x00, 0x00,
		0x00, 0x00, 0x00, 0x00,
		0x00, 0x00, 0x00, 0x00,
		0x00, 0x00, 0x00, 0x00,
		0x00, 0x00, 0x00, 0x00,
		0x00, 0x00, 0x00, 0x00,
		0x00, 0x00, 0x00, 0x00,
		0x00, 0x00, 0x00, 0x00,
		0x00, 0x00, 0x00, 0x00,
		0x00, 0x00, 0x00, 0x00,
		0x00, 0x00, 0x00, 0x00,
		0x00, 0x00, 0x00, 0x00,
		0x00, 0x00, 0x00, 0x00,
		0x00, 0x00, 0x00, 0x00,
		0x00, 0x00, 0x00, 0x00,
		0x00, 0x00, 0x00, 0x00,
		0x00, 0x00, 0x00, 0x00,
		0x00, 0x00, 0x00, 0x00,
		0x00, 0x00, 0x00, 0x00,
		0x00, 0x00, 0x00, 0x00,
		0x00, 0x00, 0x00, 0x00,
		0x00, 0x00, 0x00, 0x00,
		0x00, 0x00, 0x00, 0x00,
		0x00, 0x00, 0x00, 0x00,
		0x00, 0x00, 0x00, 0x00,
		0x00, 0x00, 0x00, 0x00,
		0x00, 0x00, 0x00, 0x00,
		0x00, 0x00, 0x00, 0x00,
		0x00, 0x00, 0x00, 0x00,
		0x00, 0x00, 0x00, 0x00,
		0x00, 0x00, 0x00, 0x00,
		0x00, 0x00, 0x00, 0x00,
		0x00, 0x00, 0x00, 0x00,
		0x00, 0x00, 0x00, 0x00,
		0x00, 0x00, 0x00, 0x00,
		0x00, 0x00, 0x00, 0x00,
		0x00, 0x00, 0x00, 0x00,
		0x00, 0x00, 0x00, 0x00,
		0x00, 0x00, 0x00, 0x00,
		0x00, 0x00, 0x00, 0x00,
		0x00, 0x00, 0x00, 0x00,
		0x00, 0x00, 0x00, 0x00,
		0x00, 0x00, 0x00, 0x00,
		0x00, 0x00, 0x00, 0x00,
		0x00, 0x00, 0x00, 0x00,
		0x00, 0x00, 0x00, 0x00,
		0x00, 0x00, 0x00, 0x00,
		0x00, 0x00, 0x00, 0x00,
		0x00, 0x00, 0x00, 0x00,
		0x00, 0x00, 0x00, 0x00,
		0x00, 0x00, 0x00, 0x00,
		0x00, 0x00, 0x00, 0x00,
		0x00, 0x00, 0x00, 0x00,
		0x00, 0x00, 0x00, 0x00,
		0x00, 0x00, 0x00, 0x00,
		0x00, 0x00, 0x00, 0x00,
		0x00, 0x00, 0x00, 0x00,
		0x00, 0x00, 0x00, 0x00,
		0x00, 0x00, 0x00, 0x00,
		0x00, 0x00, 0x00, 0x00,
		0x00, 0x00, 0x00, 0x00,
		0x00, 0x00, 0x00, 0x00,
		0x00, 0x00, 0x00, 0x00,
		0x00, 0x00, 0x00, 0x00,
		0x00, 0x00, 0x00, 0x00,
		0x00, 0x00, 0x00, 0x00,
		0x00, 0x00, 0x00, 0x00,
		0x00, 0x00, 0x00, 0x00,
		0x00, 0x00, 0x00, 0x00,
		0x00, 0x00, 0x00, 0x00,
		0x00, 0x00, 0x00, 0x00,
		0x00, 0x00, 0x00, 0x00,
		0x00, 0x00, 0x00, 0x00,
		0x00, 0x00, 0x00, 0x00,
		0x00, 0x00, 0x00, 0x00,
		0x00, 0x00, 0x00, 0x00,
		0x00, 0x00, 0x00, 0x00,
		0x00, 0x00, 0x00, 0x00,
		0x00, 0x00, 0x00, 0x00,
		0x00, 0x00, 0x00, 0x00,
		0x00, 0x00, 0x00, 0x00,
		0x00, 0x00, 0x00, 0x00,
		0x00, 0x00, 0x00, 0x00,
		0x00, 0x00, 0x00, 0x00,
		0x00, 0x00, 0x00, 0x00,
		0x00, 0x00, 0x00, 0x00,
		0x00, 0x00, 0x00, 0x00,
		0x00, 0x00, 0x00, 0x00,
		0x00, 0x00, 0x00, 0x00,
		0x00, 0x00, 0x00, 0x00,
		0x00, 0x00, 0x00, 0x00,
		0x00, 0x00, 0x00, 0x00,
		0x00, 0x00, 0x00, 0x00,
		0x00, 0x00, 0x00, 0x00,
		0x00, 0x00, 0x00, 0x00,
		0x00, 0x00, 0x00, 0x00,
		0x00, 0x00, 0x00, 0x00,
		0x00, 0x00, 0x00, 0x00,
		0x00, 0x00, 0x00, 0x00,
		0x00, 0x00, 0x00, 0x00,
		0x00, 0x00, 0x00, 0x00,
		0x00, 0x00, 0x00, 0x00,
		0x00, 0x00, 0x00, 0x00,
		0x00, 0x00, 0x00, 0x00,
		0x00, 0x00, 0x00, 0x00,
		0x00, 0x00, 0x00, 0x00,
		0x00, 0x00, 0x00, 0x00,
		0x00, 0x00, 0x00, 0x00,
		0x00, 0x00, 0x00, 0x00,
		0x00, 0x00, 0x00, 0x00,
		0x00, 0x00, 0x00, 0x00,
		0x00, 0x00, 0x00, 0x00,
		0x00, 0x00, 0x00, 0x00,
		0x00, 0x00, 0x00, 0x00,
		0x00, 0x00, 0x00, 0x00,
		0x00, 0x00, 0x00, 0x00,
		0x00, 0x00, 0x00, 0x00,
		0x00, 0x00, 0x00, 0x00,
		0x00, 0x00, 0x00, 0x00,
		0x00, 0x00, 0x00, 0x00,
		0x00, 0x00, 0x00, 0x00,
		0x00, 0x00, 0x00, 0x00,
		0x00, 0x00, 0x00, 0x00,
		0x00, 0x00, 0x00, 0x00,
		0x00, 0x00, 0x00, 0x00,
		0x00, 0x00, 0x00, 0x00,
		0x00, 0x00, 0x00, 0x00,
		0x00, 0x00, 0x00, 0x00,
		0x00, 0x00, 0x00, 0x00,
		0x00, 0x00, 0x00, 0x00,
		0x00, 0x00, 0x00, 0x00,
		0x00, 0x00, 0x00, 0x00,
		0x00, 0x00, 0x00, 0x00,
		0x00, 0x00, 0x00, 0x00,
		0x00, 0x00, 0x00, 0x00,
		0x00, 0x00, 0x00, 0x00,
		0x00, 0x00, 0x00, 0x00,
		0x00, 0x00, 0x00, 0x00,
		0x00, 0x00, 0x00, 0x00,
		0x00, 0x00, 0x00, 0x00,
		0x00, 0x00, 0x00, 0x00,
		0x00, 0x00, 0x00, 0x00,
		0x00, 0x00, 0x00, 0x00,
		0x00, 0x00, 0x00, 0x00,
		0x00, 0x00, 0x00, 0x00,
		0x00, 0x00, 0x00, 0x00,
		0x00, 0x00, 0x00, 0x00,
		0x00, 0x00, 0x00, 0x00,
		0x00, 0x00, 0x00, 0x00,
		0x00, 0x00, 0x00, 0x00,
		0x00, 0x00, 0x00, 0x00,
		0x00, 0x00, 0x00, 0x00,
		0x00, 0x00, 0x00, 0x00,
		0x00, 0x00, 0x00, 0x00,
		0x00, 0x00, 0x00, 0x00,
		0x00, 0x00, 0x00, 0x00,
		0x00, 0x00, 0x00, 0x00,
		0x00, 0x00, 0x00, 0x00,
		0x00, 0x00, 0x00, 0x00,
		0x00, 0x00, 0x00, 0x00,
		0x00, 0x00, 0x00, 0x00,
		0x00, 0x00, 0x00, 0x00,
		0x00, 0x00, 0x00, 0x00,
		0x00, 0x00, 0x00, 0x00,
		0x00, 0x00, 0x00, 0x00,
		0x00, 0x00, 0x00, 0x00,
		0x00, 0x00, 0x00, 0x00,
		0x00, 0x00, 0x00, 0x00,
		0x00, 0x00, 0x00, 0x00,
		0x00, 0x00, 0x00, 0x00,
		0x00, 0x00, 0x00, 0x00,
		0x00, 0x00, 0x00, 0x00,
		0x00, 0x00, 0x00, 0x00,
		0x00, 0x00, 0x00, 0x00,
		0x00, 0x00, 0x00, 0x00,
		0x00, 0x00, 0x00, 0x00,
		0x4E, 0x80, 0x00, 0x20};

	static const unsigned int latestCodeHandlerLength = 0x2AE8;

	// generalCodeHandler[] (CODE_HANDLER_MODE_GENERAL)
	static const unsigned char generalCodeHandler[] = {
		0x94, 0x21, 0xFF, 0xE8,
		0x93, 0xE1, 0x00, 0x14,
		0x7C, 0x3F, 0x0B, 0x78,
		0x90, 0x7F, 0x00, 0x08,
		0x90, 0x9F, 0x00, 0x0C,
		0x48, 0x00, 0x00, 0x5C,
		0x7D, 0x23, 0x4B, 0x78,
		0x39, 0x7F, 0x00, 0x18,
		0x83, 0xEB, 0xFF, 0xFC,
		0x7D, 0x61, 0x5B, 0x78,
		0x4E, 0x80, 0x00, 0x20,
		0x00, 0x00, 0x00, 0x00,
		0x60, 0x00, 0x00, 0x00,
		0x60, 0x00, 0x00, 0x00,
		0x60, 0x00, 0x00, 0x00,
		0x60, 0x00, 0x00, 0x00,
		0x60, 0x00, 0x00, 0x00,
		0x60, 0x00, 0x00, 0x00,
		0x60, 0x00, 0x00, 0x00,
		0x60, 0x00, 0x00, 0x00,
		0x60, 0x00, 0x00, 0x00,
		0x60, 0x00, 0x00, 0x00,
		0x60, 0x00, 0x00, 0x00,
		0x60, 0x00, 0x00, 0x00,
		0x60, 0x00, 0x00, 0x00,
		0x60, 0x00, 0x00, 0x00,
		0x60, 0x00, 0x00, 0x00,
		0x60, 0x00, 0x00, 0x00,
		0x3D, 0x20, 0x10, 0x01,
		0x61, 0x29, 0x4C, 0xFC,
		0x81, 0x29, 0x00, 0x00,
		0x2C, 0x09, 0x00, 0x00,
		0x41, 0x81, 0x00, 0x0C,
		0x39, 0x20, 0x00, 0x00,
		0x4B, 0xFF, 0xFF, 0x90,
		0x3D, 0x20, 0x10, 0x01,
		0x61, 0x29, 0x4D, 0x00,
		0x90, 0x09, 0x00, 0x00,
		0x90, 0x29, 0x00, 0x04,
		0x90, 0x49, 0x00, 0x08,
		0x90, 0x69, 0x00, 0x0C,
		0x90, 0x89, 0x00, 0x10,
		0x90, 0xA9, 0x00, 0x14,
		0x90, 0xC9, 0x00, 0x18,
		0x90, 0xE9, 0x00, 0x1C,
		0x91, 0x09, 0x00, 0x20,
		0x91, 0x29, 0x00, 0x24,
		0x91, 0x49, 0x00, 0x28,
		0x91, 0x69, 0x00, 0x2C,
		0x91, 0x89, 0x00, 0x30,
		0x91, 0xA9, 0x00, 0x34,
		0x91, 0xC9, 0x00, 0x38,
		0x91, 0xE9, 0x00, 0x3C,
		0x92, 0x09, 0x00, 0x40,
		0x92, 0x29, 0x00, 0x44,
		0x92, 0x49, 0x00, 0x48,
		0x92, 0x69, 0x00, 0x4C,
		0x92, 0x89, 0x00, 0x50,
		0x92, 0xA9, 0x00, 0x54,
		0x92, 0xC9, 0x00, 0x58,
		0x92, 0xE9, 0x00, 0x5C,
		0x93, 0x09, 0x00, 0x60,
		0x93, 0x29, 0x00, 0x64,
		0x93, 0x49, 0x00, 0x68,
		0x93, 0x69, 0x00, 0x6C,
		0x93, 0x89, 0x00, 0x70,
		0x93, 0xA9, 0x00, 0x74,
		0x93, 0xC9, 0x00, 0x78,
		0x93, 0xE9, 0x00, 0x7C,
		0xD0, 0x09, 0x00, 0x80,
		0xD0, 0x29, 0x00, 0x84,
		0xD0, 0x49, 0x00, 0x88,
		0xD0, 0x69, 0x00, 0x8C,
		0xD0, 0x89, 0x00, 0x90,
		0xD0, 0xA9, 0x00, 0x94,
		0xD0, 0xC9, 0x00, 0x98,
		0xD0, 0xE9, 0x00, 0x9C,
		0xD1, 0x09, 0x00, 0xA0,
		0xD1, 0x29, 0x00, 0xA4,
		0xD1, 0x49, 0x00, 0xA8,
		0xD1, 0x69, 0x00, 0xAC,
		0xD1, 0x89, 0x00, 0xB0,
		0xD1, 0xA9, 0x00, 0xB4,
		0xD1, 0xC9, 0x00, 0xB8,
		0xD1, 0xE9, 0x00, 0xBC,
		0xD2, 0x09, 0x00, 0xC0,
		0xD2, 0x29, 0x00, 0xC4,
		0xD2, 0x49, 0x00, 0xC8,
		0xD2, 0x69, 0x00, 0xCC,
		0xD2, 0x89, 0x00, 0xD0,
		0xD2, 0xA9, 0x00, 0xD4,
		0xD2, 0xC9, 0x00, 0xD8,
		0xD2, 0xE9, 0x00, 0xDC,
		0xD3, 0x09, 0x00, 0xE0,
		0xD3, 0x29, 0x00, 0xE4,
		0xD3, 0x49, 0x00, 0xE8,
		0xD3, 0x69, 0x00, 0xEC,
		0xD3, 0x89, 0x00, 0xF0,
		0xD3, 0xA9, 0x00, 0xF4,
		0xD3, 0xC9, 0x00, 0xF8,
		0xD3, 0xE9, 0x00, 0xFC,
		0x3C, 0xC0, 0x01, 0x13,
		0x60, 0xC6, 0x30, 0x00,
		0x3C, 0xE0, 0x01, 0x13,
		0x60, 0xE7, 0xD6, 0x00,
		0x7C, 0x06, 0x38, 0x00,
		0x40, 0x80, 0x01, 0xEC,
		0x80, 0x46, 0x00, 0x00,
		0x2C, 0x02, 0x00, 0x00,
		0x40, 0x82, 0x00, 0x10,
		0x80, 0x46, 0x00, 0x04,
		0x2C, 0x02, 0x00, 0x00,
		0x41, 0x82, 0x01, 0xD4,
		0x88, 0x46, 0x00, 0x00,
		0x2C, 0x02, 0x00, 0x00,
		0x41, 0x82, 0x03, 0x54,
		0x2C, 0x02, 0x00, 0x01,
		0x41, 0x82, 0x05, 0xFC,
		0x2C, 0x02, 0x00, 0x02,
		0x41, 0x82, 0x07, 0x34,
		0x2C, 0x02, 0x00, 0x03,
		0x41, 0x82, 0x09, 0xA8,
		0x2C, 0x02, 0x00, 0x04,
		0x41, 0x82, 0x0B, 0xC4,
		0x2C, 0x02, 0x00, 0x05,
		0x41, 0x82, 0x0D, 0xAC,
		0x2C, 0x02, 0x00, 0x06,
		0x41, 0x82, 0x0F, 0xD4,
		0x2C, 0x02, 0x00, 0x07,
		0x41, 0x82, 0x11, 0xEC,
		0x2C, 0x02, 0x00, 0x08,
		0x41, 0x82, 0x14, 0x14,
		0x2C, 0x02, 0x00, 0x10,
		0x41, 0x82, 0x1C, 0xCC,
		0x2C, 0x02, 0x00, 0x11,
		0x41, 0x82, 0x1E, 0x14,
		0x2C, 0x02, 0x00, 0x12,
		0x41, 0x82, 0x1F, 0x4C,
		0x2C, 0x02, 0x00, 0x13,
		0x41, 0x82, 0x1F, 0xF4,
		0x2C, 0x02, 0x00, 0x14,
		0x41, 0x82, 0x20, 0xAC,
		0x2C, 0x02, 0x00, 0x15,
		0x41, 0x82, 0x23, 0x44,
		0x2C, 0x02, 0x00, 0xD0,
		0x41, 0x82, 0x01, 0x1C,
		0x2C, 0x02, 0x00, 0xD1,
		0x41, 0x82, 0x01, 0x14,
		0x2C, 0x02, 0x00, 0x30,
		0x41, 0x82, 0x03, 0xBC,
		0x2C, 0x02, 0x00, 0x31,
		0x41, 0x82, 0x04, 0xB4,
		0x2C, 0x02, 0x00, 0x32,
		0x41, 0x82, 0x04, 0xCC,
		0x2C, 0x02, 0x00, 0x09,
		0x41, 0x82, 0x15, 0xB4,
		0x2C, 0x02, 0x00, 0x0A,
		0x41, 0x82, 0x17, 0xCC,
		0x2C, 0x02, 0x00, 0x0B,
		0x41, 0x82, 0x1A, 0x04,
		0x2C, 0x02, 0x00, 0x20,
		0x41, 0x82, 0x25, 0x8C,
		0x2C, 0x02, 0x00, 0xF0,
		0x41, 0x82, 0x26, 0xB4,
		0x2C, 0x02, 0x00, 0x0C,
		0x41, 0x82, 0x27, 0x4C,
		0x2C, 0x02, 0x00, 0xD2,
		0x41, 0x82, 0x00, 0xC4,
		0x2C, 0x02, 0x00, 0x0D,
		0x41, 0x82, 0x27, 0xCC,
		0x2C, 0x02, 0x00, 0xC0,
		0x41, 0x82, 0x28, 0x14,
		0x2C, 0x02, 0x00, 0xC1,
		0x41, 0x82, 0x28, 0x8C,
		0x2C, 0x02, 0x00, 0xC2,
		0x41, 0x82, 0x29, 0xC4,
		0x2C, 0x02, 0x00, 0xC3,
		0x41, 0x82, 0x2A, 0x3C,
		0x48, 0x00, 0x00, 0xCC,
		0x60, 0x00, 0x00, 0x00,
		0x60, 0x00, 0x00, 0x00,
		0x60, 0x00, 0x00, 0x00,
		0x60, 0x00, 0x00, 0x00,
		0x60, 0x00, 0x00, 0x00,
		0x60, 0x00, 0x00, 0x00,
		0x60, 0x00, 0x00, 0x00,
		0x60, 0x00, 0x00, 0x00,
		0x60, 0x00, 0x00, 0x00,
		0x60, 0x00, 0x00, 0x00,
		0x60, 0x00, 0x00, 0x00,
		0x60, 0x00, 0x00, 0x00,
		0x60, 0x00, 0x00, 0x00,
		0x60, 0x00, 0x00, 0x00,
		0x60, 0x00, 0x00, 0x00,
		0x60, 0x00, 0x00, 0x00,
		0x60, 0x00, 0x00, 0x00,
		0x60, 0x00, 0x00, 0x00,
		0x60, 0x00, 0x00, 0x00,
		0x60, 0x00, 0x00, 0x00,
		0x60, 0x00, 0x00, 0x00,
		0x60, 0x00, 0x00, 0x00,
		0x60, 0x00, 0x00, 0x00,
		0x60, 0x00, 0x00, 0x00,
		0x60, 0x00, 0x00, 0x00,
		0x60, 0x00, 0x00, 0x00,
		0x60, 0x00, 0x00, 0x00,
		0x60, 0x00, 0x00, 0x00,
		0x60, 0x00, 0x00, 0x00,
		0x60, 0x00, 0x00, 0x00,
		0x60, 0x00, 0x00, 0x00,
		0x60, 0x00, 0x00, 0x00,
		0x60, 0x00, 0x00, 0x00,
		0x20, 0x20, 0x4E, 0x6F,
		0x20, 0x4F, 0x70, 0x65,
		0x72, 0x61, 0x74, 0x69,
		0x6F, 0x6E, 0x20, 0x20,
		0x38, 0xC6, 0x00, 0x08,
		0x4B, 0xFF, 0xFE, 0x38,
		0x60, 0x00, 0x00, 0x00,
		0x60, 0x00, 0x00, 0x00,
		0x60, 0x00, 0x00, 0x00,
		0x60, 0x00, 0x00, 0x00,
		0x60, 0x00, 0x00, 0x00,
		0x60, 0x00, 0x00, 0x00,
		0x45, 0x78, 0x69, 0x74,
		0x60, 0x00, 0x00, 0x00,
		0x60, 0x00, 0x00, 0x00,
		0x60, 0x00, 0x00, 0x00,
		0x60, 0x00, 0x00, 0x00,
		0x60, 0x00, 0x00, 0x00,
		0x60, 0x00, 0x00, 0x00,
		0x60, 0x00, 0x00, 0x00,
		0x60, 0x00, 0x00, 0x00,
		0x60, 0x00, 0x00, 0x00,
		0x60, 0x00, 0x00, 0x00,
		0x60, 0x00, 0x00, 0x00,
		0x60, 0x00, 0x00, 0x00,
		0x60, 0x00, 0x00, 0x00,
		0x60, 0x00, 0x00, 0x00,
		0x60, 0x00, 0x00, 0x00,
		0x60, 0x00, 0x00, 0x00,
		0x60, 0x00, 0x00, 0x00,
		0x60, 0x00, 0x00, 0x00,
		0x60, 0x00, 0x00, 0x00,
		0x60, 0x00, 0x00, 0x00,
		0x60, 0x00, 0x00, 0x00,
		0x60, 0x00, 0x00, 0x00,
		0x3D, 0x20, 0x10, 0x01,
		0x61, 0x29, 0x4D, 0x00,
		0x80, 0x09, 0x00, 0x00,
		0x80, 0x29, 0x00, 0x04,
		0x80, 0x49, 0x00, 0x08,
		0x80, 0x69, 0x00, 0x0C,
		0x80, 0x89, 0x00, 0x10,
		0x80, 0xA9, 0x00, 0x14,
		0x80, 0xC9, 0x00, 0x18,
		0x80, 0xE9, 0x00, 0x1C,
		0x81, 0x09, 0x00, 0x20,
		0x60, 0x00, 0x00, 0x00,
		0x81, 0x49, 0x00, 0x28,
		0x81, 0x69, 0x00, 0x2C,
		0x81, 0x89, 0x00, 0x30,
		0x81, 0xA9, 0x00, 0x34,
		0x81, 0xC9, 0x00, 0x38,
		0x81, 0xE9, 0x00, 0x3C,
		0x82, 0x09, 0x00, 0x40,
		0x82, 0x29, 0x00, 0x44,
		0x82, 0x49, 0x00, 0x48,
		0x82, 0x69, 0x00, 0x4C,
		0x82, 0x89, 0x00, 0x50,
		0x82, 0xA9, 0x00, 0x54,
		0x82, 0xC9, 0x00, 0x58,
		0x82, 0xE9, 0x00, 0x5C,
		0x83, 0x09, 0x00, 0x60,
		0x83, 0x29, 0x00, 0x64,
		0x83, 0x49, 0x00, 0x68,
		0x83, 0x69, 0x00, 0x6C,
		0x83, 0x89, 0x00, 0x70,
		0x83, 0xA9, 0x00, 0x74,
		0x83, 0xC9, 0x00, 0x78,
		0x83, 0xE9, 0x00, 0x7C,
		0xC0, 0x09, 0x00, 0x80,
		0xC0, 0x29, 0x00, 0x84,
		0xC0, 0x49, 0x00, 0x88,
		0xC0, 0x69, 0x00, 0x8C,
		0xC0, 0x89, 0x00, 0x90,
		0xC0, 0xA9, 0x00, 0x94,
		0xC0, 0xC9, 0x00, 0x98,
		0xC0, 0xE9, 0x00, 0x9C,
		0xC1, 0x09, 0x00, 0xA0,
		0xC1, 0x29, 0x00, 0xA4,
		0xC1, 0x49, 0x00, 0xA8,
		0xC1, 0x69, 0x00, 0xAC,
		0xC1, 0x89, 0x00, 0xB0,
		0xC1, 0xA9, 0x00, 0xB4,
		0xC1, 0xC9, 0x00, 0xB8,
		0xC1, 0xE9, 0x00, 0xBC,
		0xC2, 0x09, 0x00, 0xC0,
		0xC2, 0x29, 0x00, 0xC4,
		0xC2, 0x49, 0x00, 0xC8,
		0xC2, 0x69, 0x00, 0xCC,
		0xC2, 0x89, 0x00, 0xD0,
		0xC2, 0xA9, 0x00, 0xD4,
		0xC2, 0xC9, 0x00, 0xD8,
		0xC2, 0xE9, 0x00, 0xDC,
		0xC3, 0x09, 0x00, 0xE0,
		0xC3, 0x29, 0x00, 0xE4,
		0xC3, 0x49, 0x00, 0xE8,
		0xC3, 0x69, 0x00, 0xEC,
		0xC3, 0x89, 0x00, 0xF0,
		0xC3, 0xA9, 0x00, 0xF4,
		0xC3, 0xC9, 0x00, 0xF8,
		0xC3, 0xE9, 0x00, 0xFC,
		0x39, 0x20, 0x00, 0x00,
		0x4B, 0xFF, 0xFB, 0x30,
		0x00, 0x00, 0x00, 0x00,
		0x00, 0x00, 0x00, 0x00,
		0x00, 0x00, 0x00, 0x00,
		0x00, 0x00, 0x00, 0x00,
		0x00, 0x00, 0x00, 0x00,
		0x00, 0x00, 0x00, 0x00,
		0x00, 0x00, 0x00, 0x00,
		0x00, 0x00, 0x00, 0x00,
		0x00, 0x00, 0x00, 0x00,
		0x52, 0x41, 0x4D, 0x20,
		0x57, 0x72, 0x69, 0x74,
		0x65, 0x73, 0x00, 0x00,
		0x00, 0x00, 0x00, 0x00,
		0x88, 0x46, 0x00, 0x01,
		0x2C, 0x02, 0x00, 0x10,
		0x40, 0x80, 0x00, 0x48,
		0x2C, 0x02, 0x00, 0x01,
		0x41, 0x82, 0x00, 0x1C,
		0x2C, 0x02, 0x00, 0x02,
		0x41, 0x82, 0x00, 0x24,
		0x80, 0x46, 0x00, 0x04,
		0x88, 0x66, 0x00, 0x0B,
		0x98, 0x62, 0x00, 0x00,
		0x48, 0x00, 0x00, 0x20,
		0x80, 0x46, 0x00, 0x04,
		0xA0, 0x66, 0x00, 0x0A,
		0xB0, 0x62, 0x00, 0x00,
		0x48, 0x00, 0x00, 0x10,
		0x80, 0x46, 0x00, 0x04,
		0x80, 0x66, 0x00, 0x08,
		0x90, 0x62, 0x00, 0x00,
		0x38, 0xC6, 0x00, 0x10,
		0x4B, 0xFF, 0xFC, 0x30,
		0x2C, 0x02, 0x00, 0x11,
		0x41, 0x82, 0x00, 0x20,
		0x2C, 0x02, 0x00, 0x12,
		0x41, 0x82, 0x00, 0x2C,
		0xA3, 0xC6, 0x00, 0x02,
		0x7F, 0xDF, 0xF2, 0x14,
		0x88, 0x66, 0x00, 0x07,
		0x98, 0x7E, 0x00, 0x00,
		0x48, 0x00, 0x00, 0x28,
		0xA3, 0xC6, 0x00, 0x02,
		0x7F, 0xDF, 0xF2, 0x14,
		0xA0, 0x66, 0x00, 0x06,
		0xB0, 0x7E, 0x00, 0x00,
		0x48, 0x00, 0x00, 0x14,
		0xA3, 0xC6, 0x00, 0x02,
		0x7F, 0xDF, 0xF2, 0x14,
		0x80, 0x66, 0x00, 0x04,
		0x90, 0x7E, 0x00, 0x00,
		0x38, 0xC6, 0x00, 0x08,
		0x4B, 0xFF, 0xFB, 0xE0,
		0x00, 0x00, 0x00, 0x00,
		0x00, 0x00, 0x00, 0x00,
		0x00, 0x00, 0x00, 0x00,
		0x00, 0x00, 0x00, 0x00,
		0x20, 0x20, 0x70, 0x6C,
		0x61, 0x63, 0x65, 0x20,
		0x68, 0x6F, 0x6C, 0x64,
		0x65, 0x72, 0x00, 0x00,
		0x00, 0x00, 0x00, 0x00,
		0x00, 0x00, 0x00, 0x00,
		0x00, 0x00, 0x00, 0x00,
		0x00, 0x00, 0x00, 0x00,
		0x00, 0x00, 0x00, 0x00,
		0x00, 0x00, 0x00, 0x00,
		0x00, 0x00, 0x00, 0x00,
		0x00, 0x00, 0x00, 0x00,
		0x4C, 0x6F, 0x61, 0x64,
		0x20, 0x50, 0x6F, 0x69,
		0x6E, 0x74, 0x65, 0x72,
		0x00, 0x00, 0x00, 0x00,
		0x88, 0x46, 0x00, 0x01,
		0x2C, 0x02, 0x00, 0x10,
		0x41, 0x82, 0x00, 0x4C,
		0x83, 0xE6, 0x00, 0x04,
		0x83, 0xFF, 0x00, 0x00,
		0x80, 0x66, 0x00, 0x08,
		0x80, 0x86, 0x00, 0x0C,
		0x7C, 0x1F, 0x18, 0x00,
		0x41, 0x80, 0x00, 0x14,
		0x7C, 0x1F, 0x20, 0x00,
		0x41, 0x81, 0x00, 0x0C,
		0x38, 0xC6, 0x00, 0x10,
		0x4B, 0xFF, 0xFB, 0x5C,
		0x38, 0xC6, 0x00, 0x0C,
		0x3C, 0x60, 0xDE, 0xAD,
		0x60, 0x63, 0xCA, 0xFE,
		0x84, 0x86, 0x00, 0x08,
		0x7C, 0x03, 0x20, 0x00,
		0x40, 0xA2, 0xFF, 0xF8,
		0x38, 0xC6, 0x00, 0x04,
		0x4B, 0xFF, 0xFB, 0x3C,
		0x3C, 0x60, 0x10, 0x00,
		0x7C, 0x1F, 0x18, 0x00,
		0x41, 0x80, 0x00, 0x34,
		0x3C, 0x60, 0x50, 0x00,
		0x7C, 0x1F, 0x18, 0x00,
		0x41, 0x81, 0x00, 0x28,
		0x83, 0xFF, 0x00, 0x00,
		0x80, 0x66, 0x00, 0x08,
		0x80, 0x86, 0x00, 0x0C,
		0x7C, 0x1F, 0x18, 0x00,
		0x41, 0x80, 0x00, 0x14,
		0x7C, 0x1F, 0x20, 0x00,
		0x41, 0x81, 0x00, 0x0C,
		0x38, 0xC6, 0x00, 0x10,
		0x4B, 0xFF, 0xFB, 0x00,
		0x38, 0xC6, 0x00, 0x0C,
		0x3C, 0x60, 0xDE, 0xAD,
		0x60, 0x63, 0xCA, 0xFE,
		0x84, 0x86, 0x00, 0x08,
		0x7C, 0x03, 0x20, 0x00,
		0x40, 0xA2, 0xFF, 0xF8,
		0x38, 0xC6, 0x00, 0x04,
		0x4B, 0xFF, 0xFA, 0xE0,
		0x00, 0x00, 0x00, 0x00,
		0x00, 0x00, 0x00, 0x00,
		0x00, 0x00, 0x00, 0x00,
		0x00, 0x00, 0x00, 0x00,
		0x00, 0x00, 0x00, 0x00,
		0x00, 0x00, 0x00, 0x00,
		0x00, 0x00, 0x00, 0x00,
		0x00, 0x00, 0x00, 0x00,
		0x00, 0x00, 0x00, 0x00,
		0x00, 0x00, 0x00, 0x00,
		0x00, 0x00, 0x00, 0x00,
		0x00, 0x00, 0x00, 0x00,
		0x00, 0x00, 0x00, 0x00,
		0x00, 0x00, 0x00, 0x00,
		0x00, 0x00, 0x00, 0x00,
		0x00, 0x00, 0x00, 0x00,
		0x41, 0x64, 0x64, 0x20,
		0x4F, 0x66, 0x66, 0x73,
		0x65, 0x74, 0x00, 0x00,
		0x00, 0x00, 0x00, 0x00,
		0x83, 0xC6, 0x00, 0x04,
		0x7F, 0xFF, 0xF2, 0x14,
		0x38, 0xC6, 0x00, 0x08,
		0x4B, 0xFF, 0xFA, 0x80,
		0x45, 0x78, 0x74, 0x72,
		0x2E, 0x20, 0x72, 0x33,
		0x31, 0x20, 0x26, 0x20,
		0x72, 0x33, 0x30, 0x00,
		0x3F, 0xA0, 0x10, 0x01,
		0x63, 0xBD, 0x70, 0x80,
		0x93, 0xFD, 0x00, 0x00,
		0x93, 0xDD, 0x00, 0x04,
		0x38, 0xC6, 0x00, 0x08,
		0x4B, 0xFF, 0xFA, 0x58,
		0x00, 0x00, 0x00, 0x00,
		0x00, 0x00, 0x00, 0x00,
		0x00, 0x00, 0x00, 0x00,
		0x00, 0x00, 0x00, 0x00,
		0x00, 0x00, 0x00, 0x00,
		0x00, 0x00, 0x00, 0x00,
		0x00, 0x00, 0x00, 0x00,
		0x00, 0x00, 0x00, 0x00,
		0x00, 0x00, 0x00, 0x00,
		0x00, 0x00, 0x00, 0x00,
		0x00, 0x00, 0x00, 0x00,
		0x00, 0x00, 0x00, 0x00,
		0x00, 0x00, 0x00, 0x00,
		0x00, 0x00, 0x00, 0x00,
		0x00, 0x00, 0x00, 0x00,
		0x00, 0x00, 0x00, 0x00,
		0x00, 0x00, 0x00, 0x00,
		0x00, 0x00, 0x00, 0x00,
		0x00, 0x00, 0x00, 0x00,
		0x00, 0x00, 0x00, 0x00,
		0x00, 0x00, 0x00, 0x00,
		0x00, 0x00, 0x00, 0x00,
		0x00, 0x00, 0x00, 0x00,
		0x00, 0x00, 0x00, 0x00,
		0x00, 0x00, 0x00, 0x00,
		0x00, 0x00, 0x00, 0x00,
		0x00, 0x00, 0x00, 0x00,
		0x00, 0x00, 0x00, 0x00,
		0x00, 0x00, 0x00, 0x00,
		0x00, 0x00, 0x00, 0x00,
		0x20, 0x53, 0x74, 0x72,
		0x69, 0x6E, 0x67, 0x20,
		0x57, 0x72, 0x69, 0x74,
		0x65, 0x73, 0x20, 0x20,
		0x89, 0x06, 0x00, 0x01,
		0x2C, 0x08, 0x00, 0x10,
		0x41, 0x82, 0x00, 0x4C,
		0xA1, 0x06, 0x00, 0x02,
		0x80, 0x66, 0x00, 0x04,
		0x3C, 0x40, 0x00, 0x00,
		0x38, 0xC6, 0x00, 0x07,
		0x38, 0x63, 0xFF, 0xFF,
		0x38, 0x42, 0x00, 0x01,
		0x38, 0x63, 0x00, 0x01,
		0x38, 0xC6, 0x00, 0x01,
		0x88, 0x86, 0x00, 0x00,
		0x98, 0x83, 0x00, 0x00,
		0x7C, 0x08, 0x10, 0x00,
		0x40, 0xA2, 0xFF, 0xE8,
		0x38, 0xC6, 0x00, 0x01,
		0x88, 0x46, 0x00, 0x00,
		0x2C, 0x02, 0x00, 0xFF,
		0x40, 0xA2, 0xFF, 0xF4,
		0x38, 0xC6, 0x00, 0x01,
		0x4B, 0xFF, 0xF9, 0x7C,
		0x83, 0xC6, 0x00, 0x04,
		0x7C, 0x7F, 0xF2, 0x14,
		0xA1, 0x06, 0x00, 0x02,
		0x60, 0x00, 0x00, 0x00,
		0x3C, 0x40, 0x00, 0x00,
		0x38, 0xC6, 0x00, 0x07,
		0x38, 0x63, 0xFF, 0xFF,
		0x38, 0x42, 0x00, 0x01,
		0x38, 0x63, 0x00, 0x01,
		0x38, 0xC6, 0x00, 0x01,
		0x88, 0x86, 0x00, 0x00,
		0x98, 0x83, 0x00, 0x00,
		0x7C, 0x08, 0x10, 0x00,
		0x40, 0xA2, 0xFF, 0xE8,
		0x38, 0xC6, 0x00, 0x01,
		0x88, 0x46, 0x00, 0x00,
		0x2C, 0x02, 0x00, 0xFF,
		0x40, 0xA2, 0xFF, 0xF4,
		0x38, 0xC6, 0x00, 0x01,
		0x4B, 0xFF, 0xF9, 0x2C,
		0x00, 0x00, 0x00, 0x00,
		0x00, 0x00, 0x00, 0x00,
		0x00, 0x00, 0x00, 0x00,
		0x00, 0x00, 0x00, 0x00,
		0x00, 0x00, 0x00, 0x00,
		0x00, 0x00, 0x00, 0x00,
		0x00, 0x00, 0x00, 0x00,
		0x00, 0x00, 0x00, 0x00,
		0x00, 0x00, 0x00, 0x00,
		0x00, 0x00, 0x00, 0x00,
		0x00, 0x00, 0x00, 0x00,
		0x00, 0x00, 0x00, 0x00,
		0x00, 0x00, 0x00, 0x00,
		0x00, 0x00, 0x00, 0x00,
		0x00, 0x00, 0x00, 0x00,
		0x00, 0x00, 0x00, 0x00,
		0x00, 0x00, 0x00, 0x00,
		0x00, 0x00, 0x00, 0x00,
		0x00, 0x00, 0x00, 0x00,
		0x00, 0x00, 0x00, 0x00,
		0x00, 0x00, 0x00, 0x00,
		0x00, 0x00, 0x00, 0x00,
		0x00, 0x00, 0x00, 0x00,
		0x00, 0x00, 0x00, 0x00,
		0x00, 0x00, 0x00, 0x00,
		0x00, 0x00, 0x00, 0x00,
		0x00, 0x00, 0x00, 0x00,
		0x00, 0x00, 0x00, 0x00,
		0x00, 0x00, 0x00, 0x00,
		0x00, 0x00, 0x00, 0x00,
		0x00, 0x00, 0x00, 0x00,
		0x00, 0x00, 0x00, 0x00,
		0x00, 0x00, 0x00, 0x00,
		0x00, 0x00, 0x00, 0x00,
		0x00, 0x00, 0x00, 0x00,
		0x53, 0x6B, 0x69, 0x70,
		0x20, 0x57, 0x72, 0x69,
		0x74, 0x65, 0x73, 0x00,
		0x00, 0x00, 0x00, 0x00,
		0x88, 0x46, 0x00, 0x01,
		0x2C, 0x02, 0x00, 0x10,
		0x40, 0x80, 0x01, 0x04,
		0x2C, 0x02, 0x00, 0x02,
		0x41, 0x82, 0x00, 0xAC,
		0x2C, 0x02, 0x00, 0x01,
		0x41, 0x82, 0x00, 0x54,
		0xA1, 0x86, 0x00, 0x02,
		0x80, 0x46, 0x00, 0x04,
		0x88, 0x66, 0x00, 0x0B,
		0x80, 0x86, 0x00, 0x0C,
		0x88, 0xE6, 0x00, 0x13,
		0x3D, 0x00, 0x00, 0x00,
		0x81, 0x26, 0x00, 0x04,
		0x39, 0x08, 0x00, 0x01,
		0x7C, 0x02, 0x48, 0x00,
		0x40, 0x82, 0x00, 0x10,
		0x98, 0x62, 0x00, 0x00,
		0x7C, 0x42, 0x22, 0x14,
		0x4B, 0xFF, 0xFF, 0xEC,
		0x7C, 0x63, 0x3A, 0x14,
		0x98, 0x62, 0x00, 0x00,
		0x7C, 0x42, 0x22, 0x14,
		0x7C, 0x0C, 0x40, 0x00,
		0x40, 0xA2, 0xFF, 0xD8,
		0x38, 0xC6, 0x00, 0x18,
		0x4B, 0xFF, 0xF8, 0x24,
		0xA1, 0x86, 0x00, 0x02,
		0x80, 0x46, 0x00, 0x04,
		0xA0, 0x66, 0x00, 0x0A,
		0x80, 0x86, 0x00, 0x0C,
		0xA0, 0xE6, 0x00, 0x12,
		0x3D, 0x00, 0x00, 0x00,
		0x81, 0x26, 0x00, 0x04,
		0x39, 0x08, 0x00, 0x01,
		0x7C, 0x02, 0x48, 0x00,
		0x40, 0x82, 0x00, 0x10,
		0xB0, 0x62, 0x00, 0x00,
		0x7C, 0x42, 0x22, 0x14,
		0x4B, 0xFF, 0xFF, 0xEC,
		0x7C, 0x63, 0x3A, 0x14,
		0xB0, 0x62, 0x00, 0x00,
		0x7C, 0x42, 0x22, 0x14,
		0x7C, 0x0C, 0x40, 0x00,
		0x40, 0xA2, 0xFF, 0xD8,
		0x38, 0xC6, 0x00, 0x18,
		0x4B, 0xFF, 0xF7, 0xD4,
		0xA1, 0x86, 0x00, 0x02,
		0x80, 0x46, 0x00, 0x04,
		0x80, 0x66, 0x00, 0x08,
		0x80, 0x86, 0x00, 0x0C,
		0x80, 0xE6, 0x00, 0x10,
		0x3D, 0x00, 0x00, 0x00,
		0x81, 0x26, 0x00, 0x04,
		0x39, 0x08, 0x00, 0x01,
		0x7C, 0x02, 0x48, 0x00,
		0x40, 0x82, 0x00, 0x10,
		0x90, 0x62, 0x00, 0x00,
		0x7C, 0x42, 0x22, 0x14,
		0x4B, 0xFF, 0xFF, 0xEC,
		0x7C, 0x63, 0x3A, 0x14,
		0x90, 0x62, 0x00, 0x00,
		0x7C, 0x42, 0x22, 0x14,
		0x7C, 0x0C, 0x40, 0x00,
		0x40, 0xA2, 0xFF, 0xD8,
		0x38, 0xC6, 0x00, 0x18,
		0x4B, 0xFF, 0xF7, 0x84,
		0x2C, 0x02, 0x00, 0x12,
		0x41, 0x82, 0x00, 0xB4,
		0x2C, 0x02, 0x00, 0x11,
		0x41, 0x82, 0x00, 0x58,
		0xA1, 0x86, 0x00, 0x02,
		0x83, 0xC6, 0x00, 0x04,
		0x7C, 0x5E, 0xFA, 0x14,
		0x88, 0x66, 0x00, 0x0B,
		0x80, 0x86, 0x00, 0x0C,
		0x88, 0xE6, 0x00, 0x13,
		0x3D, 0x00, 0x00, 0x00,
		0x7C, 0x49, 0x13, 0x78,
		0x39, 0x08, 0x00, 0x01,
		0x7C, 0x02, 0x48, 0x00,
		0x40, 0x82, 0x00, 0x10,
		0x98, 0x62, 0x00, 0x00,
		0x7C, 0x42, 0x22, 0x14,
		0x4B, 0xFF, 0xFF, 0xEC,
		0x7C, 0x63, 0x3A, 0x14,
		0x98, 0x62, 0x00, 0x00,
		0x7C, 0x42, 0x22, 0x14,
		0x7C, 0x0C, 0x40, 0x00,
		0x40, 0xA2, 0xFF, 0xD8,
		0x38, 0xC6, 0x00, 0x18,
		0x4B, 0xFF, 0xF7, 0x20,
		0xA1, 0x86, 0x00, 0x02,
		0x83, 0xC6, 0x00, 0x04,
		0x7C, 0x5E, 0xFA, 0x14,
		0xA0, 0x66, 0x00, 0x0A,
		0x80, 0x86, 0x00, 0x0C,
		0xA0, 0xE6, 0x00, 0x12,
		0x3D, 0x00, 0x00, 0x00,
		0x7C, 0x49, 0x13, 0x78,
		0x39, 0x08, 0x00, 0x01,
		0x7C, 0x02, 0x48, 0x00,
		0x40, 0x82, 0x00, 0x10,
		0xB0, 0x62, 0x00, 0x00,
		0x7C, 0x42, 0x22, 0x14,
		0x4B, 0xFF, 0xFF, 0xEC,
		0x7C, 0x63, 0x3A, 0x14,
		0xB0, 0x62, 0x00, 0x00,
		0x7C, 0x42, 0x22, 0x14,
		0x7C, 0x0C, 0x40, 0x00,
		0x40, 0xA2, 0xFF, 0xD8,
		0x38, 0xC6, 0x00, 0x18,
		0x4B, 0xFF, 0xF6, 0xCC,
		0xA1, 0x86, 0x00, 0x02,
		0x83, 0xC6, 0x00, 0x04,
		0x7C, 0x5E, 0xFA, 0x14,
		0x80, 0x66, 0x00, 0x08,
		0x80, 0x86, 0x00, 0x0C,
		0xA0, 0xE6, 0x00, 0x10,
		0x3D, 0x00, 0x00, 0x00,
		0x7C, 0x49, 0x13, 0x78,
		0x39, 0x08, 0x00, 0x01,
		0x7C, 0x02, 0x48, 0x00,
		0x40, 0x82, 0x00, 0x10,
		0x90, 0x62, 0x00, 0x00,
		0x7C, 0x42, 0x22, 0x14,
		0x4B, 0xFF, 0xFF, 0xEC,
		0x7C, 0x63, 0x3A, 0x14,
		0x90, 0x62, 0x00, 0x00,
		0x7C, 0x42, 0x22, 0x14,
		0x7C, 0x0C, 0x40, 0x00,
		0x40, 0xA2, 0xFF, 0xD8,
		0x38, 0xC6, 0x00, 0x18,
		0x4B, 0xFF, 0xF6, 0x78,
		0x00, 0x00, 0x00, 0x00,
		0x00, 0x00, 0x00, 0x00,
		0x00, 0x00, 0x00, 0x00,
		0x00, 0x00, 0x00, 0x00,
		0x00, 0x00, 0x00, 0x00,
		0x00, 0x00, 0x00, 0x00,
		0x00, 0x00, 0x00, 0x00,
		0x00, 0x00, 0x00, 0x00,
		0x00, 0x00, 0x00, 0x00,
		0x00, 0x00, 0x00, 0x00,
		0x00, 0x00, 0x00, 0x00,
		0x00, 0x00, 0x00, 0x00,
		0x00, 0x00, 0x00, 0x00,
		0x00, 0x00, 0x00, 0x00,
		0x00, 0x00, 0x00, 0x00,
		0x00, 0x00, 0x00, 0x00,
		0x00, 0x00, 0x00, 0x00,
		0x00, 0x00, 0x00, 0x00,
		0x00, 0x00, 0x00, 0x00,
		0x00, 0x00, 0x00, 0x00,
		0x00, 0x00, 0x00, 0x00,
		0x00, 0x00, 0x00, 0x00,
		0x49, 0x66, 0x20, 0x45,
		0x71, 0x75, 0x61, 0x6C,
		0x00, 0x00, 0x00, 0x00,
		0x88, 0x46, 0x00, 0x01,
		0x2C, 0x02, 0x00, 0x10,
		0x40, 0x80, 0x00, 0xC8,
		0x2C, 0x02, 0x00, 0x02,
		0x41, 0x82, 0x00, 0x84,
		0x2C, 0x02, 0x00, 0x01,
		0x41, 0x82, 0x00, 0x40,
		0x80, 0x46, 0x00, 0x04,
		0x88, 0x42, 0x00, 0x00,
		0x89, 0x86, 0x00, 0x0B,
		0x7C, 0x02, 0x60, 0x00,
		0x41, 0x82, 0x00, 0x24,
		0x3C, 0x60, 0xDE, 0xAD,
		0x60, 0x63, 0xCA, 0xFE,
		0x80, 0x86, 0x00, 0x00,
		0x7C, 0x03, 0x20, 0x00,
		0x38, 0xC6, 0x00, 0x04,
		0x40, 0xA2, 0xFF, 0xF4,
		0x60, 0x00, 0x00, 0x00,
		0x4B, 0xFF, 0xF5, 0xC4,
		0x38, 0xC6, 0x00, 0x10,
		0x4B, 0xFF, 0xF5, 0xBC,
		0x80, 0x46, 0x00, 0x04,
		0xA0, 0x42, 0x00, 0x00,
		0xA1, 0x86, 0x00, 0x0A,
		0x7C, 0x02, 0x60, 0x00,
		0x41, 0x82, 0x00, 0x24,
		0x3C, 0x60, 0xDE, 0xAD,
		0x60, 0x63, 0xCA, 0xFE,
		0x80, 0x86, 0x00, 0x00,
		0x7C, 0x03, 0x20, 0x00,
		0x38, 0xC6, 0x00, 0x04,
		0x40, 0xA2, 0xFF, 0xF4,
		0x60, 0x00, 0x00, 0x00,
		0x4B, 0xFF, 0xF5, 0x88,
		0x38, 0xC6, 0x00, 0x10,
		0x4B, 0xFF, 0xF5, 0x80,
		0x80, 0x46, 0x00, 0x04,
		0x80, 0x42, 0x00, 0x00,
		0x81, 0x86, 0x00, 0x08,
		0x7C, 0x02, 0x60, 0x00,
		0x41, 0x82, 0x00, 0x24,
		0x3C, 0x60, 0xDE, 0xAD,
		0x60, 0x63, 0xCA, 0xFE,
		0x80, 0x86, 0x00, 0x00,
		0x7C, 0x03, 0x20, 0x00,
		0x38, 0xC6, 0x00, 0x04,
		0x40, 0xA2, 0xFF, 0xF4,
		0x60, 0x00, 0x00, 0x00,
		0x4B, 0xFF, 0xF5, 0x4C,
		0x38, 0xC6, 0x00, 0x10,
		0x4B, 0xFF, 0xF5, 0x44,
		0x2C, 0x02, 0x00, 0x12,
		0x41, 0x82, 0x00, 0x8C,
		0x2C, 0x02, 0x00, 0x11,
		0x41, 0x82, 0x00, 0x44,
		0x80, 0x46, 0x00, 0x04,
		0x7C, 0x5F, 0x12, 0x14,
		0x88, 0x42, 0x00, 0x00,
		0x89, 0x86, 0x00, 0x0B,
		0x7C, 0x02, 0x60, 0x00,
		0x41, 0x82, 0x00, 0x24,
		0x3C, 0x60, 0xDE, 0xAD,
		0x60, 0x63, 0xCA, 0xFE,
		0x80, 0x86, 0x00, 0x00,
		0x7C, 0x03, 0x20, 0x00,
		0x38, 0xC6, 0x00, 0x04,
		0x40, 0xA2, 0xFF, 0xF4,
		0x60, 0x00, 0x00, 0x00,
		0x4B, 0xFF, 0xF4, 0xFC,
		0x38, 0xC6, 0x00, 0x10,
		0x4B, 0xFF, 0xF4, 0xF4,
		0x80, 0x46, 0x00, 0x04,
		0x7C, 0x5F, 0x12, 0x14,
		0xA0, 0x42, 0x00, 0x00,
		0xA1, 0x86, 0x00, 0x0A,
		0x7C, 0x02, 0x60, 0x00,
		0x41, 0x82, 0x00, 0x24,
		0x3C, 0x60, 0xDE, 0xAD,
		0x60, 0x63, 0xCA, 0xFE,
		0x80, 0x86, 0x00, 0x00,
		0x7C, 0x03, 0x20, 0x00,
		0x38, 0xC6, 0x00, 0x04,
		0x40, 0xA2, 0xFF, 0xF4,
		0x60, 0x00, 0x00, 0x00,
		0x4B, 0xFF, 0xF4, 0xBC,
		0x38, 0xC6, 0x00, 0x10,
		0x4B, 0xFF, 0xF4, 0xB4,
		0x80, 0x46, 0x00, 0x04,
		0x7C, 0x5F, 0x12, 0x14,
		0x80, 0x42, 0x00, 0x00,
		0x81, 0x86, 0x00, 0x08,
		0x7C, 0x02, 0x60, 0x00,
		0x41, 0x82, 0x00, 0x24,
		0x3C, 0x60, 0xDE, 0xAD,
		0x60, 0x63, 0xCA, 0xFE,
		0x80, 0x86, 0x00, 0x00,
		0x7C, 0x03, 0x20, 0x00,
		0x38, 0xC6, 0x00, 0x04,
		0x40, 0xA2, 0xFF, 0xF4,
		0x60, 0x00, 0x00, 0x00,
		0x4B, 0xFF, 0xF4, 0x7C,
		0x38, 0xC6, 0x00, 0x10,
		0x4B, 0xFF, 0xF4, 0x74,
		0x00, 0x00, 0x00, 0x00,
		0x00, 0x00, 0x00, 0x00,
		0x00, 0x00, 0x00, 0x00,
		0x00, 0x00, 0x00, 0x00,
		0x00, 0x00, 0x00, 0x00,
		0x00, 0x00, 0x00, 0x00,
		0x00, 0x00, 0x00, 0x00,
		0x00, 0x00, 0x00, 0x00,
		0x00, 0x00, 0x00, 0x00,
		0x00, 0x00, 0x00, 0x00,
		0x00, 0x00, 0x00, 0x00,
		0x00, 0x00, 0x00, 0x00,
		0x00, 0x00, 0x00, 0x00,
		0x00, 0x00, 0x00, 0x00,
		0x00, 0x00, 0x00, 0x00,
		0x00, 0x00, 0x00, 0x00,
		0x00, 0x00, 0x00, 0x00,
		0x00, 0x00, 0x00, 0x00,
		0x00, 0x00, 0x00, 0x00,
		0x00, 0x00, 0x00, 0x00,
		0x00, 0x00, 0x00, 0x00,
		0x00, 0x00, 0x00, 0x00,
		0x00, 0x00, 0x00, 0x00,
		0x00, 0x00, 0x00, 0x00,
		0x00, 0x00, 0x00, 0x00,
		0x00, 0x00, 0x00, 0x00,
		0x00, 0x00, 0x00, 0x00,
		0x00, 0x00, 0x00, 0x00,
		0x00, 0x00, 0x00, 0x00,
		0x49, 0x66, 0x20, 0x4E,
		0x4F, 0x54, 0x20, 0x45,
		0x71, 0x75, 0x61, 0x6C,
		0x00, 0x00, 0x00, 0x00,
		0x88, 0x46, 0x00, 0x01,
		0x2C, 0x02, 0x00, 0x10,
		0x40, 0x80, 0x00, 0xC8,
		0x2C, 0x02, 0x00, 0x02,
		0x41, 0x82, 0x00, 0x84,
		0x2C, 0x02, 0x00, 0x01,
		0x41, 0x82, 0x00, 0x40,
		0x80, 0x46, 0x00, 0x04,
		0x88, 0x42, 0x00, 0x00,
		0x89, 0x86, 0x00, 0x0B,
		0x7C, 0x02, 0x60, 0x00,
		0x40, 0x82, 0x00, 0x24,
		0x3C, 0x60, 0xDE, 0xAD,
		0x60, 0x63, 0xCA, 0xFE,
		0x80, 0x86, 0x00, 0x00,
		0x7C, 0x03, 0x20, 0x00,
		0x38, 0xC6, 0x00, 0x04,
		0x40, 0xA2, 0xFF, 0xF4,
		0x60, 0x00, 0x00, 0x00,
		0x4B, 0xFF, 0xF3, 0xA0,
		0x38, 0xC6, 0x00, 0x10,
		0x4B, 0xFF, 0xF3, 0x98,
		0x80, 0x46, 0x00, 0x04,
		0xA0, 0x42, 0x00, 0x00,
		0xA1, 0x86, 0x00, 0x0A,
		0x7C, 0x02, 0x60, 0x00,
		0x40, 0x82, 0x00, 0x24,
		0x3C, 0x60, 0xDE, 0xAD,
		0x60, 0x63, 0xCA, 0xFE,
		0x80, 0x86, 0x00, 0x00,
		0x7C, 0x03, 0x20, 0x00,
		0x38, 0xC6, 0x00, 0x04,
		0x40, 0xA2, 0xFF, 0xF4,
		0x60, 0x00, 0x00, 0x00,
		0x4B, 0xFF, 0xF3, 0x64,
		0x38, 0xC6, 0x00, 0x10,
		0x4B, 0xFF, 0xF3, 0x5C,
		0x80, 0x46, 0x00, 0x04,
		0x80, 0x42, 0x00, 0x00,
		0x81, 0x86, 0x00, 0x08,
		0x7C, 0x02, 0x60, 0x00,
		0x40, 0x82, 0x00, 0x24,
		0x3C, 0x60, 0xDE, 0xAD,
		0x60, 0x63, 0xCA, 0xFE,
		0x80, 0x86, 0x00, 0x00,
		0x7C, 0x03, 0x20, 0x00,
		0x38, 0xC6, 0x00, 0x04,
		0x40, 0xA2, 0xFF, 0xF4,
		0x60, 0x00, 0x00, 0x00,
		0x4B, 0xFF, 0xF3, 0x28,
		0x38, 0xC6, 0x00, 0x10,
		0x4B, 0xFF, 0xF3, 0x20,
		0x2C, 0x02, 0x00, 0x12,
		0x41, 0x82, 0x00, 0x8C,
		0x2C, 0x02, 0x00, 0x11,
		0x41, 0x82, 0x00, 0x44,
		0x80, 0x46, 0x00, 0x04,
		0x7C, 0x5F, 0x12, 0x14,
		0x88, 0x42, 0x00, 0x00,
		0x89, 0x86, 0x00, 0x0B,
		0x7C, 0x02, 0x60, 0x00,
		0x40, 0x82, 0x00, 0x24,
		0x3C, 0x60, 0xDE, 0xAD,
		0x60, 0x63, 0xCA, 0xFE,
		0x80, 0x86, 0x00, 0x00,
		0x7C, 0x03, 0x20, 0x00,
		0x38, 0xC6, 0x00, 0x04,
		0x40, 0xA2, 0xFF, 0xF4,
		0x60, 0x00, 0x00, 0x00,
		0x4B, 0xFF, 0xF2, 0xD8,
		0x38, 0xC6, 0x00, 0x10,
		0x4B, 0xFF, 0xF2, 0xD0,
		0x80, 0x46, 0x00, 0x04,
		0x7C, 0x5F, 0x12, 0x14,
		0xA0, 0x42, 0x00, 0x00,
		0xA1, 0x86, 0x00, 0x0A,
		0x7C, 0x02, 0x60, 0x00,
		0x40, 0x82, 0x00, 0x24,
		0x3C, 0x60, 0xDE, 0xAD,
		0x60, 0x63, 0xCA, 0xFE,
		0x80, 0x86, 0x00, 0x00,
		0x7C, 0x03, 0x20, 0x00,
		0x38, 0xC6, 0x00, 0x04,
		0x40, 0xA2, 0xFF, 0xF4,
		0x60, 0x00, 0x00, 0x00,
		0x4B, 0xFF, 0xF2, 0x98,
		0x38, 0xC6, 0x00, 0x10,
		0x4B, 0xFF, 0xF2, 0x90,
		0x80, 0x46, 0x00, 0x04,
		0x7C, 0x5F, 0x12, 0x14,
		0x80, 0x42, 0x00, 0x00,
		0x81, 0x86, 0x00, 0x08,
		0x7C, 0x02, 0x60, 0x00,
		0x40, 0x82, 0x00, 0x24,
		0x3C, 0x60, 0xDE, 0xAD,
		0x60, 0x63, 0xCA, 0xFE,
		0x80, 0x86, 0x00, 0x00,
		0x7C, 0x03, 0x20, 0x00,
		0x38, 0xC6, 0x00, 0x04,
		0x40, 0xA2, 0xFF, 0xF4,
		0x60, 0x00, 0x00, 0x00,
		0x4B, 0xFF, 0xF2, 0x58,
		0x38, 0xC6, 0x00, 0x10,
		0x4B, 0xFF, 0xF2, 0x50,
		0x00, 0x00, 0x00, 0x00,
		0x00, 0x00, 0x00, 0x00,
		0x00, 0x00, 0x00, 0x00,
		0x00, 0x00, 0x00, 0x00,
		0x00, 0x00, 0x00, 0x00,
		0x00, 0x00, 0x00, 0x00,
		0x00, 0x00, 0x00, 0x00,
		0x00, 0x00, 0x00, 0x00,
		0x00, 0x00, 0x00, 0x00,
		0x00, 0x00, 0x00, 0x00,
		0x00, 0x00, 0x00, 0x00,
		0x00, 0x00, 0x00, 0x00,
		0x00, 0x00, 0x00, 0x00,
		0x00, 0x00, 0x00, 0x00,
		0x00, 0x00, 0x00, 0x00,
		0x00, 0x00, 0x00, 0x00,
		0x49, 0x66, 0x20, 0x42,
		0x69, 0x67, 0x67, 0x65,
		0x72, 0x20, 0x54, 0x68,
		0x61, 0x6E, 0x00, 0x00,
		0x88, 0x46, 0x00, 0x01,
		0x2C, 0x02, 0x00, 0x10,
		0x40, 0x80, 0x00, 0xC8,
		0x2C, 0x02, 0x00, 0x02,
		0x41, 0x82, 0x00, 0x84,
		0x2C, 0x02, 0x00, 0x01,
		0x41, 0x82, 0x00, 0x40,
		0x80, 0x46, 0x00, 0x04,
		0x88, 0x42, 0x00, 0x00,
		0x89, 0x86, 0x00, 0x0B,
		0x7C, 0x02, 0x60, 0x00,
		0x41, 0x81, 0x00, 0x24,
		0x3C, 0x60, 0xDE, 0xAD,
		0x60, 0x63, 0xCA, 0xFE,
		0x80, 0x86, 0x00, 0x00,
		0x7C, 0x03, 0x20, 0x00,
		0x38, 0xC6, 0x00, 0x04,
		0x40, 0xA2, 0xFF, 0xF4,
		0x60, 0x00, 0x00, 0x00,
		0x4B, 0xFF, 0xF1, 0xB0,
		0x38, 0xC6, 0x00, 0x10,
		0x4B, 0xFF, 0xF1, 0xA8,
		0x80, 0x46, 0x00, 0x04,
		0xA0, 0x42, 0x00, 0x00,
		0xA1, 0x86, 0x00, 0x0A,
		0x7C, 0x02, 0x60, 0x00,
		0x41, 0x81, 0x00, 0x24,
		0x3C, 0x60, 0xDE, 0xAD,
		0x60, 0x63, 0xCA, 0xFE,
		0x80, 0x86, 0x00, 0x00,
		0x7C, 0x03, 0x20, 0x00,
		0x38, 0xC6, 0x00, 0x04,
		0x40, 0xA2, 0xFF, 0xF4,
		0x60, 0x00, 0x00, 0x00,
		0x4B, 0xFF, 0xF1, 0x74,
		0x38, 0xC6, 0x00, 0x10,
		0x4B, 0xFF, 0xF1, 0x6C,
		0x80, 0x46, 0x00, 0x04,
		0x80, 0x42, 0x00, 0x00,
		0x81, 0x86, 0x00, 0x08,
		0x7C, 0x02, 0x60, 0x00,
		0x41, 0x81, 0x00, 0x24,
		0x3C, 0x60, 0xDE, 0xAD,
		0x60, 0x63, 0xCA, 0xFE,
		0x80, 0x86, 0x00, 0x00,
		0x7C, 0x03, 0x20, 0x00,
		0x38, 0xC6, 0x00, 0x04,
		0x40, 0xA2, 0xFF, 0xF4,
		0x60, 0x00, 0x00, 0x00,
		0x4B, 0xFF, 0xF1, 0x38,
		0x38, 0xC6, 0x00, 0x10,
		0x4B, 0xFF, 0xF1, 0x30,
		0x2C, 0x02, 0x00, 0x12,
		0x41, 0x82, 0x00, 0x8C,
		0x2C, 0x02, 0x00, 0x11,
		0x41, 0x82, 0x00, 0x44,
		0x80, 0x46, 0x00, 0x04,
		0x7C, 0x5F, 0x12, 0x14,
		0x88, 0x42, 0x00, 0x00,
		0x89, 0x86, 0x00, 0x0B,
		0x7C, 0x02, 0x60, 0x00,
		0x41, 0x81, 0x00, 0x24,
		0x3C, 0x60, 0xDE, 0xAD,
		0x60, 0x63, 0xCA, 0xFE,
		0x80, 0x86, 0x00, 0x00,
		0x7C, 0x03, 0x20, 0x00,
		0x38, 0xC6, 0x00, 0x04,
		0x40, 0xA2, 0xFF, 0xF4,
		0x60, 0x00, 0x00, 0x00,
		0x4B, 0xFF, 0xF0, 0xE8,
		0x38, 0xC6, 0x00, 0x10,
		0x4B, 0xFF, 0xF0, 0xE0,
		0x80, 0x46, 0x00, 0x04,
		0x7C, 0x5F, 0x12, 0x14,
		0xA0, 0x42, 0x00, 0x00,
		0xA1, 0x86, 0x00, 0x0A,
		0x7C, 0x02, 0x60, 0x00,
		0x41, 0x81, 0x00, 0x24,
		0x3C, 0x60, 0xDE, 0xAD,
		0x60, 0x63, 0xCA, 0xFE,
		0x80, 0x86, 0x00, 0x00,
		0x7C, 0x03, 0x20, 0x00,
		0x38, 0xC6, 0x00, 0x04,
		0x40, 0xA2, 0xFF, 0xF4,
		0x60, 0x00, 0x00, 0x00,
		0x4B, 0xFF, 0xF0, 0xA8,
		0x38, 0xC6, 0x00, 0x10,
		0x4B, 0xFF, 0xF0, 0xA0,
		0x80, 0x46, 0x00, 0x04,
		0x7C, 0x5F, 0x12, 0x14,
		0x80, 0x42, 0x00, 0x00,
		0x81, 0x86, 0x00, 0x08,
		0x7C, 0x02, 0x60, 0x00,
		0x41, 0x81, 0x00, 0x24,
		0x3C, 0x60, 0xDE, 0xAD,
		0x60, 0x63, 0xCA, 0xFE,
		0x80, 0x86, 0x00, 0x00,
		0x7C, 0x03, 0x20, 0x00,
		0x38, 0xC6, 0x00, 0x04,
		0x40, 0xA2, 0xFF, 0xF4,
		0x60, 0x00, 0x00, 0x00,
		0x4B, 0xFF, 0xF0, 0x68,
		0x38, 0xC6, 0x00, 0x10,
		0x4B, 0xFF, 0xF0, 0x60,
		0x00, 0x00, 0x00, 0x00,
		0x00, 0x00, 0x00, 0x00,
		0x00, 0x00, 0x00, 0x00,
		0x00, 0x00, 0x00, 0x00,
		0x00, 0x00, 0x00, 0x00,
		0x00, 0x00, 0x00, 0x00,
		0x00, 0x00, 0x00, 0x00,
		0x00, 0x00, 0x00, 0x00,
		0x00, 0x00, 0x00, 0x00,
		0x00, 0x00, 0x00, 0x00,
		0x00, 0x00, 0x00, 0x00,
		0x00, 0x00, 0x00, 0x00,
		0x00, 0x00, 0x00, 0x00,
		0x00, 0x00, 0x00, 0x00,
		0x00, 0x00, 0x00, 0x00,
		0x00, 0x00, 0x00, 0x00,
		0x00, 0x00, 0x00, 0x00,
		0x00, 0x00, 0x00, 0x00,
		0x00, 0x00, 0x00, 0x00,
		0x00, 0x00, 0x00, 0x00,
		0x00, 0x00, 0x00, 0x00,
		0x00, 0x00, 0x00, 0x00,
		0x00, 0x00, 0x00, 0x00,
		0x00, 0x00, 0x00, 0x00,
		0x00, 0x00, 0x00, 0x00,
		0x00, 0x00, 0x00, 0x00,
		0x00, 0x00, 0x00, 0x00,
		0x00, 0x00, 0x00, 0x00,
		0x00, 0x00, 0x00, 0x00,
		0x00, 0x00, 0x00, 0x00,
		0x00, 0x00, 0x00, 0x00,
		0x00, 0x00, 0x00, 0x00,
		0x49, 0x66, 0x20, 0x53,
		0x6D, 0x61, 0x6C, 0x6C,
		0x65, 0x72, 0x20, 0x54,
		0x68, 0x61, 0x6E, 0x00,
		0x88, 0x46, 0x00, 0x01,
		0x2C, 0x02, 0x00, 0x10,
		0x40, 0x80, 0x00, 0xC8,
		0x2C, 0x02, 0x00, 0x02,
		0x41, 0x82, 0x00, 0x84,
		0x2C, 0x02, 0x00, 0x01,
		0x41, 0x82, 0x00, 0x40,
		0x80, 0x46, 0x00, 0x04,
		0x88, 0x42, 0x00, 0x00,
		0x89, 0x86, 0x00, 0x0B,
		0x7C, 0x02, 0x60, 0x00,
		0x41, 0x80, 0x00, 0x24,
		0x3C, 0x60, 0xDE, 0xAD,
		0x60, 0x63, 0xCA, 0xFE,
		0x80, 0x86, 0x00, 0x00,
		0x7C, 0x03, 0x20, 0x00,
		0x38, 0xC6, 0x00, 0x04,
		0x40, 0xA2, 0xFF, 0xF4,
		0x60, 0x00, 0x00, 0x00,
		0x4B, 0xFF, 0xEF, 0x80,
		0x38, 0xC6, 0x00, 0x10,
		0x4B, 0xFF, 0xEF, 0x78,
		0x80, 0x46, 0x00, 0x04,
		0xA0, 0x42, 0x00, 0x00,
		0xA1, 0x86, 0x00, 0x0A,
		0x7C, 0x02, 0x60, 0x00,
		0x41, 0x80, 0x00, 0x24,
		0x3C, 0x60, 0xDE, 0xAD,
		0x60, 0x63, 0xCA, 0xFE,
		0x80, 0x86, 0x00, 0x00,
		0x7C, 0x03, 0x20, 0x00,
		0x38, 0xC6, 0x00, 0x04,
		0x40, 0xA2, 0xFF, 0xF4,
		0x60, 0x00, 0x00, 0x00,
		0x4B, 0xFF, 0xEF, 0x44,
		0x38, 0xC6, 0x00, 0x10,
		0x4B, 0xFF, 0xEF, 0x3C,
		0x80, 0x46, 0x00, 0x04,
		0x80, 0x42, 0x00, 0x00,
		0x81, 0x86, 0x00, 0x08,
		0x7C, 0x02, 0x60, 0x00,
		0x41, 0x80, 0x00, 0x24,
		0x3C, 0x60, 0xDE, 0xAD,
		0x60, 0x63, 0xCA, 0xFE,
		0x80, 0x86, 0x00, 0x00,
		0x7C, 0x03, 0x20, 0x00,
		0x38, 0xC6, 0x00, 0x04,
		0x40, 0xA2, 0xFF, 0xF4,
		0x60, 0x00, 0x00, 0x00,
		0x4B, 0xFF, 0xEF, 0x08,
		0x38, 0xC6, 0x00, 0x10,
		0x4B, 0xFF, 0xEF, 0x00,
		0x2C, 0x02, 0x00, 0x12,
		0x41, 0x82, 0x00, 0x8C,
		0x2C, 0x02, 0x00, 0x11,
		0x41, 0x82, 0x00, 0x44,
		0x80, 0x46, 0x00, 0x04,
		0x7C, 0x5F, 0x12, 0x14,
		0x88, 0x42, 0x00, 0x00,
		0x89, 0x86, 0x00, 0x0B,
		0x7C, 0x02, 0x60, 0x00,
		0x41, 0x80, 0x00, 0x24,
		0x3C, 0x60, 0xDE, 0xAD,
		0x60, 0x63, 0xCA, 0xFE,
		0x80, 0x86, 0x00, 0x00,
		0x7C, 0x03, 0x20, 0x00,
		0x38, 0xC6, 0x00, 0x04,
		0x40, 0xA2, 0xFF, 0xF4,
		0x60, 0x00, 0x00, 0x00,
		0x4B, 0xFF, 0xEE, 0xB8,
		0x38, 0xC6, 0x00, 0x10,
		0x4B, 0xFF, 0xEE, 0xB0,
		0x80, 0x46, 0x00, 0x04,
		0x7C, 0x5F, 0x12, 0x14,
		0xA0, 0x42, 0x00, 0x00,
		0xA1, 0x86, 0x00, 0x0A,
		0x7C, 0x02, 0x60, 0x00,
		0x41, 0x80, 0x00, 0x24,
		0x3C, 0x60, 0xDE, 0xAD,
		0x60, 0x63, 0xCA, 0xFE,
		0x80, 0x86, 0x00, 0x00,
		0x7C, 0x03, 0x20, 0x00,
		0x38, 0xC6, 0x00, 0x04,
		0x40, 0xA2, 0xFF, 0xF4,
		0x60, 0x00, 0x00, 0x00,
		0x4B, 0xFF, 0xEE, 0x78,
		0x38, 0xC6, 0x00, 0x10,
		0x4B, 0xFF, 0xEE, 0x70,
		0x80, 0x46, 0x00, 0x04,
		0x7C, 0x5F, 0x12, 0x14,
		0x80, 0x42, 0x00, 0x00,
		0x81, 0x86, 0x00, 0x08,
		0x7C, 0x02, 0x60, 0x00,
		0x41, 0x80, 0x00, 0x24,
		0x3C, 0x60, 0xDE, 0xAD,
		0x60, 0x63, 0xCA, 0xFE,
		0x80, 0x86, 0x00, 0x00,
		0x7C, 0x03, 0x20, 0x00,
		0x38, 0xC6, 0x00, 0x04,
		0x40, 0xA2, 0xFF, 0xF4,
		0x60, 0x00, 0x00, 0x00,
		0x4B, 0xFF, 0xEE, 0x38,
		0x38, 0xC6, 0x00, 0x10,
		0x4B, 0xFF, 0xEE, 0x30,
		0x00, 0x00, 0x00, 0x00,
		0x00, 0x00, 0x00, 0x00,
		0x00, 0x00, 0x00, 0x00,
		0x00, 0x00, 0x00, 0x00,
		0x00, 0x00, 0x00, 0x00,
		0x00, 0x00, 0x00, 0x00,
		0x00, 0x00, 0x00, 0x00,
		0x00, 0x00, 0x00, 0x00,
		0x00, 0x00, 0x00, 0x00,
		0x00, 0x00, 0x00, 0x00,
		0x00, 0x00, 0x00, 0x00,
		0x00, 0x00, 0x00, 0x00,
		0x00, 0x00, 0x00, 0x00,
		0x00, 0x00, 0x00, 0x00,
		0x00, 0x00, 0x00, 0x00,
		0x00, 0x00, 0x00, 0x00,
		0x00, 0x00, 0x00, 0x00,
		0x00, 0x00, 0x00, 0x00,
		0x00, 0x00, 0x00, 0x00,
		0x00, 0x00, 0x00, 0x00,
		0x00, 0x00, 0x00, 0x00,
		0x00, 0x00, 0x00, 0x00,
		0x00, 0x00, 0x00, 0x00,
		0x00, 0x00, 0x00, 0x00,
		0x49, 0x66, 0x20, 0x42,
		0x69, 0x67, 0x67, 0x65,
		0x72, 0x20, 0x6F, 0x72,
		0x20, 0x20, 0x20, 0x20,
		0x45, 0x71, 0x75, 0x61,
		0x6C, 0x00, 0x00, 0x00,
		0x00, 0x00, 0x00, 0x00,
		0x00, 0x00, 0x00, 0x05,
		0x88, 0x46, 0x00, 0x01,
		0x2C, 0x02, 0x00, 0x10,
		0x40, 0x80, 0x00, 0xC8,
		0x2C, 0x02, 0x00, 0x02,
		0x41, 0x82, 0x00, 0x84,
		0x2C, 0x02, 0x00, 0x01,
		0x41, 0x82, 0x00, 0x40,
		0x80, 0x46, 0x00, 0x04,
		0x88, 0x42, 0x00, 0x00,
		0x89, 0x86, 0x00, 0x0B,
		0x7C, 0x02, 0x60, 0x00,
		0x40, 0x80, 0x00, 0x24,
		0x3C, 0x60, 0xDE, 0xAD,
		0x60, 0x63, 0xCA, 0xFE,
		0x80, 0x86, 0x00, 0x00,
		0x7C, 0x03, 0x20, 0x00,
		0x38, 0xC6, 0x00, 0x04,
		0x40, 0xA2, 0xFF, 0xF4,
		0x60, 0x00, 0x00, 0x00,
		0x4B, 0xFF, 0xED, 0x60,
		0x38, 0xC6, 0x00, 0x10,
		0x4B, 0xFF, 0xED, 0x58,
		0x80, 0x46, 0x00, 0x04,
		0xA0, 0x42, 0x00, 0x00,
		0xA1, 0x86, 0x00, 0x0A,
		0x7C, 0x02, 0x60, 0x00,
		0x40, 0x80, 0x00, 0x24,
		0x3C, 0x60, 0xDE, 0xAD,
		0x60, 0x63, 0xCA, 0xFE,
		0x80, 0x86, 0x00, 0x00,
		0x7C, 0x03, 0x20, 0x00,
		0x38, 0xC6, 0x00, 0x04,
		0x40, 0xA2, 0xFF, 0xF4,
		0x60, 0x00, 0x00, 0x00,
		0x4B, 0xFF, 0xED, 0x24,
		0x38, 0xC6, 0x00, 0x10,
		0x4B, 0xFF, 0xED, 0x1C,
		0x80, 0x46, 0x00, 0x04,
		0x80, 0x42, 0x00, 0x00,
		0x81, 0x86, 0x00, 0x08,
		0x7C, 0x02, 0x60, 0x00,
		0x40, 0x80, 0x00, 0x24,
		0x3C, 0x60, 0xDE, 0xAD,
		0x60, 0x63, 0xCA, 0xFE,
		0x80, 0x86, 0x00, 0x00,
		0x7C, 0x03, 0x20, 0x00,
		0x38, 0xC6, 0x00, 0x04,
		0x40, 0xA2, 0xFF, 0xF4,
		0x60, 0x00, 0x00, 0x00,
		0x4B, 0xFF, 0xEC, 0xE8,
		0x38, 0xC6, 0x00, 0x10,
		0x4B, 0xFF, 0xEC, 0xE0,
		0x2C, 0x02, 0x00, 0x12,
		0x41, 0x82, 0x00, 0x8C,
		0x2C, 0x02, 0x00, 0x11,
		0x41, 0x82, 0x00, 0x44,
		0x80, 0x46, 0x00, 0x04,
		0x7C, 0x5F, 0x12, 0x14,
		0x88, 0x42, 0x00, 0x00,
		0x89, 0x86, 0x00, 0x0B,
		0x7C, 0x02, 0x60, 0x00,
		0x40, 0x80, 0x00, 0x24,
		0x3C, 0x60, 0xDE, 0xAD,
		0x60, 0x63, 0xCA, 0xFE,
		0x80, 0x86, 0x00, 0x00,
		0x7C, 0x03, 0x20, 0x00,
		0x38, 0xC6, 0x00, 0x04,
		0x40, 0xA2, 0xFF, 0xF4,
		0x60, 0x00, 0x00, 0x00,
		0x4B, 0xFF, 0xEC, 0x98,
		0x38, 0xC6, 0x00, 0x10,
		0x4B, 0xFF, 0xEC, 0x90,
		0x80, 0x46, 0x00, 0x04,
		0x7C, 0x5F, 0x12, 0x14,
		0xA0, 0x42, 0x00, 0x00,
		0xA1, 0x86, 0x00, 0x0A,
		0x7C, 0x02, 0x60, 0x00,
		0x40, 0x80, 0x00, 0x24,
		0x3C, 0x60, 0xDE, 0xAD,
		0x60, 0x63, 0xCA, 0xFE,
		0x80, 0x86, 0x00, 0x00,
		0x7C, 0x03, 0x20, 0x00,
		0x38, 0xC6, 0x00, 0x04,
		0x40, 0xA2, 0xFF, 0xF4,
		0x60, 0x00, 0x00, 0x00,
		0x4B, 0xFF, 0xEC, 0x58,
		0x38, 0xC6, 0x00, 0x10,
		0x4B, 0xFF, 0xEC, 0x50,
		0x80, 0x46, 0x00, 0x04,
		0x7C, 0x5F, 0x12, 0x14,
		0x80, 0x42, 0x00, 0x00,
		0x81, 0x86, 0x00, 0x08,
		0x7C, 0x02, 0x60, 0x00,
		0x40, 0x80, 0x00, 0x24,
		0x3C, 0x60, 0xDE, 0xAD,
		0x60, 0x63, 0xCA, 0xFE,
		0x80, 0x86, 0x00, 0x00,
		0x7C, 0x03, 0x20, 0x00,
		0x38, 0xC6, 0x00, 0x04,
		0x40, 0xA2, 0xFF, 0xF4,
		0x60, 0x00, 0x00, 0x00,
		0x4B, 0xFF, 0xEC, 0x18,
		0x38, 0xC6, 0x00, 0x10,
		0x4B, 0xFF, 0xEC, 0x10,
		0x00, 0x00, 0x00, 0x00,
		0x00, 0x00, 0x00, 0x00,
		0x00, 0x00, 0x00, 0x00,
		0x00, 0x00, 0x00, 0x00,
		0x00, 0x00, 0x00, 0x00,
		0x00, 0x00, 0x00, 0x00,
		0x00, 0x00, 0x00, 0x00,
		0x00, 0x00, 0x00, 0x00,
		0x00, 0x00, 0x00, 0x00,
		0x00, 0x00, 0x00, 0x00,
		0x00, 0x00, 0x00, 0x00,
		0x00, 0x00, 0x00, 0x00,
		0x00, 0x00, 0x00, 0x00,
		0x00, 0x00, 0x00, 0x00,
		0x00, 0x00, 0x00, 0x00,
		0x00, 0x00, 0x00, 0x00,
		0x00, 0x00, 0x00, 0x00,
		0x00, 0x00, 0x00, 0x00,
		0x00, 0x00, 0x00, 0x00,
		0x00, 0x00, 0x00, 0x00,
		0x00, 0x00, 0x00, 0x00,
		0x00, 0x00, 0x00, 0x00,
		0x00, 0x00, 0x00, 0x00,
		0x00, 0x00, 0x00, 0x00,
		0x00, 0x00, 0x00, 0x00,
		0x00, 0x00, 0x00, 0x00,
		0x00, 0x00, 0x00, 0x00,
		0x00, 0x00, 0x00, 0x00,
		0x49, 0x66, 0x20, 0x53,
		0x6D, 0x61, 0x6C, 0x6C,
		0x65, 0x72, 0x20, 0x6F,
		0x72, 0x20, 0x20, 0x20,
		0x45, 0x71, 0x75, 0x61,
		0x6C, 0x00, 0x00, 0x00,
		0x00, 0x00, 0x00, 0x00,
		0x00, 0x00, 0x00, 0x00,
		0x88, 0x46, 0x00, 0x01,
		0x2C, 0x02, 0x00, 0x10,
		0x40, 0x80, 0x00, 0xC8,
		0x2C, 0x02, 0x00, 0x02,
		0x41, 0x82, 0x00, 0x84,
		0x2C, 0x02, 0x00, 0x01,
		0x41, 0x82, 0x00, 0x40,
		0x80, 0x46, 0x00, 0x04,
		0x88, 0x42, 0x00, 0x00,
		0x89, 0x86, 0x00, 0x0B,
		0x7C, 0x02, 0x60, 0x00,
		0x40, 0x81, 0x00, 0x24,
		0x3C, 0x60, 0xDE, 0xAD,
		0x60, 0x63, 0xCA, 0xFE,
		0x80, 0x86, 0x00, 0x00,
		0x7C, 0x03, 0x20, 0x00,
		0x38, 0xC6, 0x00, 0x04,
		0x40, 0xA2, 0xFF, 0xF4,
		0x60, 0x00, 0x00, 0x00,
		0x4B, 0xFF, 0xEB, 0x30,
		0x38, 0xC6, 0x00, 0x10,
		0x4B, 0xFF, 0xEB, 0x28,
		0x80, 0x46, 0x00, 0x04,
		0xA0, 0x42, 0x00, 0x00,
		0xA1, 0x86, 0x00, 0x0A,
		0x7C, 0x02, 0x60, 0x00,
		0x40, 0x81, 0x00, 0x24,
		0x3C, 0x60, 0xDE, 0xAD,
		0x60, 0x63, 0xCA, 0xFE,
		0x80, 0x86, 0x00, 0x00,
		0x7C, 0x03, 0x20, 0x00,
		0x38, 0xC6, 0x00, 0x04,
		0x40, 0xA2, 0xFF, 0xF4,
		0x60, 0x00, 0x00, 0x00,
		0x4B, 0xFF, 0xEA, 0xF4,
		0x38, 0xC6, 0x00, 0x10,
		0x4B, 0xFF, 0xEA, 0xEC,
		0x80, 0x46, 0x00, 0x04,
		0x80, 0x42, 0x00, 0x00,
		0x81, 0x86, 0x00, 0x08,
		0x7C, 0x02, 0x60, 0x00,
		0x40, 0x81, 0x00, 0x24,
		0x3C, 0x60, 0xDE, 0xAD,
		0x60, 0x63, 0xCA, 0xFE,
		0x80, 0x86, 0x00, 0x00,
		0x7C, 0x03, 0x20, 0x00,
		0x38, 0xC6, 0x00, 0x04,
		0x40, 0xA2, 0xFF, 0xF4,
		0x60, 0x00, 0x00, 0x00,
		0x4B, 0xFF, 0xEA, 0xB8,
		0x38, 0xC6, 0x00, 0x10,
		0x4B, 0xFF, 0xEA, 0xB0,
		0x2C, 0x02, 0x00, 0x12,
		0x41, 0x82, 0x00, 0x8C,
		0x2C, 0x02, 0x00, 0x11,
		0x41, 0x82, 0x00, 0x44,
		0x80, 0x46, 0x00, 0x04,
		0x7C, 0x5F, 0x12, 0x14,
		0x88, 0x42, 0x00, 0x00,
		0x89, 0x86, 0x00, 0x0B,
		0x7C, 0x02, 0x60, 0x00,
		0x40, 0x81, 0x00, 0x24,
		0x3C, 0x60, 0xDE, 0xAD,
		0x60, 0x63, 0xCA, 0xFE,
		0x80, 0x86, 0x00, 0x00,
		0x7C, 0x03, 0x20, 0x00,
		0x38, 0xC6, 0x00, 0x04,
		0x40, 0xA2, 0xFF, 0xF4,
		0x60, 0x00, 0x00, 0x00,
		0x4B, 0xFF, 0xEA, 0x68,
		0x38, 0xC6, 0x00, 0x10,
		0x4B, 0xFF, 0xEA, 0x60,
		0x80, 0x46, 0x00, 0x04,
		0x7C, 0x5F, 0x12, 0x14,
		0xA0, 0x42, 0x00, 0x00,
		0xA1, 0x86, 0x00, 0x0A,
		0x7C, 0x02, 0x60, 0x00,
		0x40, 0x81, 0x00, 0x24,
		0x3C, 0x60, 0xDE, 0xAD,
		0x60, 0x63, 0xCA, 0xFE,
		0x80, 0x86, 0x00, 0x00,
		0x7C, 0x03, 0x20, 0x00,
		0x38, 0xC6, 0x00, 0x04,
		0x40, 0xA2, 0xFF, 0xF4,
		0x60, 0x00, 0x00, 0x00,
		0x4B, 0xFF, 0xEA, 0x28,
		0x38, 0xC6, 0x00, 0x10,
		0x4B, 0xFF, 0xEA, 0x20,
		0x80, 0x46, 0x00, 0x04,
		0x7C, 0x5F, 0x12, 0x14,
		0x80, 0x42, 0x00, 0x00,
		0x81, 0x86, 0x00, 0x08,
		0x7C, 0x02, 0x60, 0x00,
		0x40, 0x81, 0x00, 0x24,
		0x3C, 0x60, 0xDE, 0xAD,
		0x60, 0x63, 0xCA, 0xFE,
		0x80, 0x86, 0x00, 0x00,
		0x7C, 0x03, 0x20, 0x00,
		0x38, 0xC6, 0x00, 0x04,
		0x40, 0xA2, 0xFF, 0xF4,
		0x60, 0x00, 0x00, 0x00,
		0x4B, 0xFF, 0xE9, 0xE8,
		0x38, 0xC6, 0x00, 0x10,
		0x4B, 0xFF, 0xE9, 0xE0,
		0x00, 0x00, 0x00, 0x00,
		0x00, 0x00, 0x00, 0x00,
		0x00, 0x00, 0x00, 0x00,
		0x00, 0x00, 0x00, 0x00,
		0x00, 0x00, 0x00, 0x00,
		0x00, 0x00, 0x00, 0x00,
		0x00, 0x00, 0x00, 0x00,
		0x00, 0x00, 0x00, 0x00,
		0x00, 0x00, 0x00, 0x00,
		0x00, 0x00, 0x00, 0x00,
		0x00, 0x00, 0x00, 0x00,
		0x00, 0x00, 0x00, 0x00,
		0x00, 0x00, 0x00, 0x00,
		0x00, 0x00, 0x00, 0x00,
		0x00, 0x00, 0x00, 0x00,
		0x00, 0x00, 0x00, 0x00,
		0x43, 0x6F, 0x6E, 0x64,
		0x69, 0x74, 0x69, 0x6F,
		0x6E, 0x61, 0x6C, 0x20,
		0x6C, 0x6F, 0x67, 0x6F,
		0x63, 0x61, 0x6C, 0x20,
		0x41, 0x4E, 0x44, 0x00,
		0x00, 0x00, 0x00, 0x00,
		0x00, 0x00, 0x00, 0x00,
		0x88, 0x46, 0x00, 0x01,
		0x2C, 0x02, 0x00, 0x10,
		0x40, 0x80, 0x00, 0xD4,
		0x2C, 0x02, 0x00, 0x02,
		0x41, 0x82, 0x00, 0x8C,
		0x2C, 0x02, 0x00, 0x01,
		0x41, 0x82, 0x00, 0x44,
		0x80, 0x46, 0x00, 0x04,
		0x88, 0x42, 0x00, 0x00,
		0x89, 0x86, 0x00, 0x0B,
		0x7C, 0x4A, 0x60, 0x38,
		0x7C, 0x0A, 0x60, 0x00,
		0x41, 0x82, 0x00, 0x24,
		0x3C, 0x60, 0xDE, 0xAD,
		0x60, 0x63, 0xCA, 0xFE,
		0x80, 0x86, 0x00, 0x00,
		0x7C, 0x03, 0x20, 0x00,
		0x38, 0xC6, 0x00, 0x04,
		0x40, 0xA2, 0xFF, 0xF4,
		0x60, 0x00, 0x00, 0x00,
		0x4B, 0xFF, 0xE9, 0x2C,
		0x38, 0xC6, 0x00, 0x10,
		0x4B, 0xFF, 0xE9, 0x24,
		0x80, 0x46, 0x00, 0x04,
		0xA0, 0x42, 0x00, 0x00,
		0xA1, 0x86, 0x00, 0x0A,
		0x7C, 0x4A, 0x60, 0x38,
		0x7C, 0x0A, 0x60, 0x00,
		0x41, 0x82, 0x00, 0x24,
		0x3C, 0x60, 0xDE, 0xAD,
		0x60, 0x63, 0xCA, 0xFE,
		0x80, 0x86, 0x00, 0x00,
		0x7C, 0x03, 0x20, 0x00,
		0x38, 0xC6, 0x00, 0x04,
		0x40, 0xA2, 0xFF, 0xF4,
		0x60, 0x00, 0x00, 0x00,
		0x4B, 0xFF, 0xE8, 0xEC,
		0x38, 0xC6, 0x00, 0x10,
		0x4B, 0xFF, 0xE8, 0xE4,
		0x80, 0x46, 0x00, 0x04,
		0x80, 0x42, 0x00, 0x00,
		0x81, 0x86, 0x00, 0x08,
		0x7C, 0x4A, 0x60, 0x38,
		0x7C, 0x0A, 0x60, 0x00,
		0x41, 0x82, 0x00, 0x24,
		0x3C, 0x60, 0xDE, 0xAD,
		0x60, 0x63, 0xCA, 0xFE,
		0x80, 0x86, 0x00, 0x00,
		0x7C, 0x03, 0x20, 0x00,
		0x38, 0xC6, 0x00, 0x04,
		0x40, 0xA2, 0xFF, 0xF4,
		0x60, 0x00, 0x00, 0x00,
		0x4B, 0xFF, 0xE8, 0xAC,
		0x38, 0xC6, 0x00, 0x10,
		0x4B, 0xFF, 0xE8, 0xA4,
		0x2C, 0x02, 0x00, 0x12,
		0x41, 0x82, 0x00, 0x94,
		0x2C, 0x02, 0x00, 0x11,
		0x41, 0x82, 0x00, 0x48,
		0x80, 0x46, 0x00, 0x04,
		0x7C, 0x5F, 0x12, 0x14,
		0x88, 0x42, 0x00, 0x00,
		0x89, 0x86, 0x00, 0x0B,
		0x7C, 0x4A, 0x60, 0x38,
		0x7C, 0x0A, 0x60, 0x00,
		0x41, 0x82, 0x00, 0x24,
		0x3C, 0x60, 0xDE, 0xAD,
		0x60, 0x63, 0xCA, 0xFE,
		0x80, 0x86, 0x00, 0x00,
		0x7C, 0x03, 0x20, 0x00,
		0x38, 0xC6, 0x00, 0x04,
		0x40, 0xA2, 0xFF, 0xF4,
		0x60, 0x00, 0x00, 0x00,
		0x4B, 0xFF, 0xE8, 0x58,
		0x38, 0xC6, 0x00, 0x10,
		0x4B, 0xFF, 0xE8, 0x50,
		0x80, 0x46, 0x00, 0x04,
		0x7C, 0x5F, 0x12, 0x14,
		0xA0, 0x42, 0x00, 0x00,
		0xA1, 0x86, 0x00, 0x0A,
		0x7C, 0x4A, 0x60, 0x38,
		0x7C, 0x0A, 0x60, 0x00,
		0x41, 0x82, 0x00, 0x24,
		0x3C, 0x60, 0xDE, 0xAD,
		0x60, 0x63, 0xCA, 0xFE,
		0x80, 0x86, 0x00, 0x00,
		0x7C, 0x03, 0x20, 0x00,
		0x38, 0xC6, 0x00, 0x04,
		0x40, 0xA2, 0xFF, 0xF4,
		0x60, 0x00, 0x00, 0x00,
		0x4B, 0xFF, 0xE8, 0x14,
		0x38, 0xC6, 0x00, 0x10,
		0x4B, 0xFF, 0xE8, 0x0C,
		0x80, 0x46, 0x00, 0x04,
		0x7C, 0x5F, 0x12, 0x14,
		0x80, 0x42, 0x00, 0x00,
		0x81, 0x86, 0x00, 0x08,
		0x7C, 0x4A, 0x60, 0x38,
		0x7C, 0x0A, 0x60, 0x00,
		0x41, 0x82, 0x00, 0x24,
		0x3C, 0x60, 0xDE, 0xAD,
		0x60, 0x63, 0xCA, 0xFE,
		0x80, 0x86, 0x00, 0x00,
		0x7C, 0x03, 0x20, 0x00,
		0x38, 0xC6, 0x00, 0x04,
		0x40, 0xA2, 0xFF, 0xF4,
		0x60, 0x00, 0x00, 0x00,
		0x4B, 0xFF, 0xE7, 0xD0,
		0x38, 0xC6, 0x00, 0x10,
		0x4B, 0xFF, 0xE7, 0xC8,
		0x00, 0x00, 0x00, 0x00,
		0x00, 0x00, 0x00, 0x00,
		0x00, 0x00, 0x00, 0x00,
		0x00, 0x00, 0x00, 0x00,
		0x00, 0x00, 0x00, 0x00,
		0x00, 0x00, 0x00, 0x00,
		0x00, 0x00, 0x00, 0x00,
		0x00, 0x00, 0x00, 0x00,
		0x00, 0x00, 0x00, 0x00,
		0x00, 0x00, 0x00, 0x00,
		0x00, 0x00, 0x00, 0x00,
		0x00, 0x00, 0x00, 0x00,
		0x00, 0x00, 0x00, 0x00,
		0x00, 0x00, 0x00, 0x00,
		0x00, 0x00, 0x00, 0x00,
		0x00, 0x00, 0x00, 0x00,
		0x00, 0x00, 0x00, 0x00,
		0x00, 0x00, 0x00, 0x00,
		0x43, 0x6F, 0x6E, 0x64,
		0x69, 0x74, 0x69, 0x6F,
		0x6E, 0x61, 0x6C, 0x20,
		0x6C, 0x6F, 0x67, 0x69,
		0x63, 0x61, 0x6C, 0x20,
		0x4F, 0x52, 0x00, 0x00,
		0x00, 0x00, 0x00, 0x00,
		0x00, 0x00, 0x00, 0x00,
		0x88, 0x46, 0x00, 0x01,
		0x2C, 0x02, 0x00, 0x10,
		0x40, 0x80, 0x00, 0xE0,
		0x2C, 0x02, 0x00, 0x02,
		0x41, 0x82, 0x00, 0x94,
		0x2C, 0x02, 0x00, 0x01,
		0x41, 0x82, 0x00, 0x48,
		0x80, 0x46, 0x00, 0x04,
		0x88, 0x42, 0x00, 0x00,
		0x89, 0x86, 0x00, 0x0B,
		0x7C, 0x4A, 0x60, 0x38,
		0x39, 0xA0, 0x00, 0x00,
		0x7C, 0x0A, 0x68, 0x00,
		0x40, 0x82, 0x00, 0x24,
		0x3C, 0x60, 0xDE, 0xAD,
		0x60, 0x63, 0xCA, 0xFE,
		0x80, 0x86, 0x00, 0x00,
		0x7C, 0x03, 0x20, 0x00,
		0x38, 0xC6, 0x00, 0x04,
		0x40, 0xA2, 0xFF, 0xF4,
		0x60, 0x00, 0x00, 0x00,
		0x4B, 0xFF, 0xE7, 0x08,
		0x38, 0xC6, 0x00, 0x10,
		0x4B, 0xFF, 0xE7, 0x00,
		0x80, 0x46, 0x00, 0x04,
		0xA0, 0x42, 0x00, 0x00,
		0xA1, 0x86, 0x00, 0x0A,
		0x7C, 0x4A, 0x60, 0x38,
		0x39, 0xA0, 0x00, 0x00,
		0x7C, 0x0A, 0x68, 0x00,
		0x40, 0x82, 0x00, 0x24,
		0x3C, 0x60, 0xDE, 0xAD,
		0x60, 0x63, 0xCA, 0xFE,
		0x80, 0x86, 0x00, 0x00,
		0x7C, 0x03, 0x20, 0x00,
		0x38, 0xC6, 0x00, 0x04,
		0x40, 0xA2, 0xFF, 0xF4,
		0x60, 0x00, 0x00, 0x00,
		0x4B, 0xFF, 0xE6, 0xC4,
		0x38, 0xC6, 0x00, 0x10,
		0x4B, 0xFF, 0xE6, 0xBC,
		0x80, 0x46, 0x00, 0x04,
		0x80, 0x42, 0x00, 0x00,
		0x81, 0x86, 0x00, 0x08,
		0x7C, 0x4A, 0x60, 0x38,
		0x39, 0xA0, 0x00, 0x00,
		0x7C, 0x0A, 0x68, 0x00,
		0x40, 0x82, 0x00, 0x24,
		0x3C, 0x60, 0xDE, 0xAD,
		0x60, 0x63, 0xCA, 0xFE,
		0x80, 0x86, 0x00, 0x00,
		0x7C, 0x03, 0x20, 0x00,
		0x38, 0xC6, 0x00, 0x04,
		0x40, 0xA2, 0xFF, 0xF4,
		0x60, 0x00, 0x00, 0x00,
		0x4B, 0xFF, 0xE6, 0x80,
		0x38, 0xC6, 0x00, 0x10,
		0x4B, 0xFF, 0xE6, 0x78,
		0x2C, 0x02, 0x00, 0x12,
		0x41, 0x82, 0x00, 0xA0,
		0x2C, 0x02, 0x00, 0x11,
		0x41, 0x82, 0x00, 0x50,
		0x80, 0x46, 0x00, 0x04,
		0x7C, 0x5F, 0x12, 0x14,
		0x88, 0x42, 0x00, 0x00,
		0x89, 0x86, 0x00, 0x0B,
		0x7C, 0x4A, 0x60, 0x38,
		0x39, 0xA0, 0x00, 0x00,
		0x60, 0x00, 0x00, 0x00,
		0x7C, 0x0A, 0x68, 0x00,
		0x40, 0x82, 0x00, 0x24,
		0x3C, 0x60, 0xDE, 0xAD,
		0x60, 0x63, 0xCA, 0xFE,
		0x80, 0x86, 0x00, 0x00,
		0x7C, 0x03, 0x20, 0x00,
		0x38, 0xC6, 0x00, 0x04,
		0x40, 0xA2, 0xFF, 0xF4,
		0x60, 0x00, 0x00, 0x00,
		0x4B, 0xFF, 0xE6, 0x24,
		0x38, 0xC6, 0x00, 0x10,
		0x4B, 0xFF, 0xE6, 0x1C,
		0x80, 0x46, 0x00, 0x04,
		0x7C, 0x5F, 0x12, 0x14,
		0xA0, 0x42, 0x00, 0x00,
		0xA1, 0x86, 0x00, 0x0A,
		0x7C, 0x4A, 0x60, 0x38,
		0x39, 0xA0, 0x00, 0x00,
		0x7C, 0x0A, 0x68, 0x00,
		0x40, 0x82, 0x00, 0x24,
		0x3C, 0x60, 0xDE, 0xAD,
		0x60, 0x63, 0xCA, 0xFE,
		0x80, 0x86, 0x00, 0x00,
		0x7C, 0x03, 0x20, 0x00,
		0x38, 0xC6, 0x00, 0x04,
		0x40, 0xA2, 0xFF, 0xF4,
		0x60, 0x00, 0x00, 0x00,
		0x4B, 0xFF, 0xE5, 0xDC,
		0x38, 0xC6, 0x00, 0x10,
		0x4B, 0xFF, 0xE5, 0xD4,
		0x80, 0x46, 0x00, 0x04,
		0x7C, 0x5F, 0x12, 0x14,
		0x80, 0x42, 0x00, 0x00,
		0x81, 0x86, 0x00, 0x08,
		0x7C, 0x4A, 0x60, 0x38,
		0x39, 0xA0, 0x00, 0x00,
		0x7C, 0x0A, 0x68, 0x00,
		0x40, 0x82, 0x00, 0x24,
		0x3C, 0x60, 0xDE, 0xAD,
		0x60, 0x63, 0xCA, 0xFE,
		0x80, 0x86, 0x00, 0x00,
		0x7C, 0x03, 0x20, 0x00,
		0x38, 0xC6, 0x00, 0x04,
		0x40, 0xA2, 0xFF, 0xF4,
		0x60, 0x00, 0x00, 0x00,
		0x4B, 0xFF, 0xE5, 0x94,
		0x38, 0xC6, 0x00, 0x10,
		0x4B, 0xFF, 0xE5, 0x8C,
		0x00, 0x00, 0x00, 0x00,
		0x00, 0x00, 0x00, 0x00,
		0x00, 0x00, 0x00, 0x00,
		0x00, 0x00, 0x00, 0x00,
		0x00, 0x00, 0x00, 0x00,
		0x00, 0x00, 0x00, 0x00,
		0x00, 0x00, 0x00, 0x00,
		0x00, 0x00, 0x00, 0x00,
		0x00, 0x00, 0x00, 0x00,
		0x00, 0x00, 0x00, 0x00,
		0x00, 0x00, 0x00, 0x00,
		0x00, 0x00, 0x00, 0x00,
		0x00, 0x00, 0x00, 0x00,
		0x00, 0x00, 0x00, 0x00,
		0x00, 0x00, 0x00, 0x00,
		0x00, 0x00, 0x00, 0x00,
		0x00, 0x00, 0x00, 0x00,
		0x00, 0x00, 0x00, 0x00,
		0x00, 0x00, 0x00, 0x00,
		0x00, 0x00, 0x00, 0x00,
		0x00, 0x00, 0x00, 0x00,
		0x00, 0x00, 0x00, 0x00,
		0x00, 0x00, 0x00, 0x00,
		0x49, 0x66, 0x20, 0x56,
		0x61, 0x6C, 0x75, 0x65,
		0x20, 0x42, 0x65, 0x74,
		0x77, 0x65, 0x65, 0x6E,
		0x88, 0x46, 0x00, 0x01,
		0x2C, 0x02, 0x00, 0x10,
		0x40, 0x80, 0x00, 0xF8,
		0x2C, 0x02, 0x00, 0x02,
		0x41, 0x82, 0x00, 0xA4,
		0x2C, 0x02, 0x00, 0x01,
		0x41, 0x82, 0x00, 0x50,
		0x80, 0x46, 0x00, 0x04,
		0x88, 0x42, 0x00, 0x00,
		0x88, 0x66, 0x00, 0x0B,
		0x7C, 0x02, 0x18, 0x40,
		0x41, 0x80, 0x00, 0x14,
		0x88, 0x66, 0x00, 0x0F,
		0x7C, 0x02, 0x18, 0x40,
		0x41, 0x81, 0x00, 0x08,
		0x48, 0x00, 0x00, 0x24,
		0x3C, 0x60, 0xDE, 0xAD,
		0x60, 0x63, 0xCA, 0xFE,
		0x38, 0xC6, 0x00, 0x0C,
		0x84, 0x46, 0x00, 0x08,
		0x2C, 0x02, 0x00, 0x03,
		0x40, 0xA2, 0xFF, 0xF8,
		0x38, 0xC6, 0x00, 0x04,
		0x4B, 0xFF, 0xE4, 0xC0,
		0x38, 0xC6, 0x00, 0x10,
		0x4B, 0xFF, 0xE4, 0xB8,
		0x80, 0x46, 0x00, 0x04,
		0xA0, 0x42, 0x00, 0x00,
		0xA0, 0x66, 0x00, 0x0A,
		0x7C, 0x02, 0x18, 0x40,
		0x41, 0x80, 0x00, 0x14,
		0xA0, 0x66, 0x00, 0x0E,
		0x7C, 0x02, 0x18, 0x40,
		0x41, 0x81, 0x00, 0x08,
		0x48, 0x00, 0x00, 0x24,
		0x3C, 0x60, 0xDE, 0xAD,
		0x60, 0x63, 0xCA, 0xFE,
		0x38, 0xC6, 0x00, 0x0C,
		0x84, 0x46, 0x00, 0x08,
		0x2C, 0x02, 0x00, 0x03,
		0x40, 0xA2, 0xFF, 0xF8,
		0x38, 0xC6, 0x00, 0x04,
		0x4B, 0xFF, 0xE4, 0x74,
		0x38, 0xC6, 0x00, 0x10,
		0x4B, 0xFF, 0xE4, 0x6C,
		0x80, 0x46, 0x00, 0x04,
		0x80, 0x42, 0x00, 0x00,
		0x80, 0x66, 0x00, 0x08,
		0x7C, 0x02, 0x18, 0x40,
		0x41, 0x80, 0x00, 0x14,
		0x80, 0x66, 0x00, 0x0C,
		0x7C, 0x02, 0x18, 0x40,
		0x41, 0x81, 0x00, 0x08,
		0x48, 0x00, 0x00, 0x24,
		0x3C, 0x60, 0xDE, 0xAD,
		0x60, 0x63, 0xCA, 0xFE,
		0x38, 0xC6, 0x00, 0x0C,
		0x84, 0x46, 0x00, 0x08,
		0x2C, 0x02, 0x00, 0x03,
		0x40, 0xA2, 0xFF, 0xF8,
		0x38, 0xC6, 0x00, 0x04,
		0x4B, 0xFF, 0xE4, 0x28,
		0x38, 0xC6, 0x00, 0x10,
		0x4B, 0xFF, 0xE4, 0x20,
		0x2C, 0x02, 0x00, 0x12,
		0x41, 0x82, 0x00, 0xAC,
		0x2C, 0x02, 0x00, 0x11,
		0x41, 0x82, 0x00, 0x54,
		0x80, 0x46, 0x00, 0x04,
		0x7C, 0x5F, 0x12, 0x14,
		0x88, 0x42, 0x00, 0x00,
		0x88, 0x66, 0x00, 0x0B,
		0x7C, 0x02, 0x18, 0x40,
		0x41, 0x80, 0x00, 0x14,
		0x88, 0x66, 0x00, 0x0F,
		0x7C, 0x02, 0x18, 0x40,
		0x41, 0x81, 0x00, 0x08,
		0x48, 0x00, 0x00, 0x24,
		0x3C, 0x60, 0xDE, 0xAD,
		0x60, 0x63, 0xCA, 0xFE,
		0x38, 0xC6, 0x00, 0x0C,
		0x84, 0x46, 0x00, 0x08,
		0x2C, 0x02, 0x00, 0x03,
		0x40, 0xA2, 0xFF, 0xF8,
		0x38, 0xC6, 0x00, 0x04,
		0x4B, 0xFF, 0xE3, 0xC8,
		0x38, 0xC6, 0x00, 0x10,
		0x4B, 0xFF, 0xE3, 0xC0,
		0x80, 0x46, 0x00, 0x04,
		0x7C, 0x5F, 0x12, 0x14,
		0xA0, 0x42, 0x00, 0x00,
		0xA0, 0x66, 0x00, 0x0A,
		0x7C, 0x02, 0x18, 0x40,
		0x41, 0x80, 0x00, 0x14,
		0xA0, 0x66, 0x00, 0x0E,
		0x7C, 0x02, 0x18, 0x40,
		0x41, 0x81, 0x00, 0x08,
		0x48, 0x00, 0x00, 0x24,
		0x3C, 0x60, 0xDE, 0xAD,
		0x60, 0x63, 0xCA, 0xFE,
		0x38, 0xC6, 0x00, 0x0C,
		0x84, 0x46, 0x00, 0x08,
		0x2C, 0x02, 0x00, 0x03,
		0x40, 0xA2, 0xFF, 0xF8,
		0x38, 0xC6, 0x00, 0x04,
		0x4B, 0xFF, 0xE3, 0x78,
		0x38, 0xC6, 0x00, 0x10,
		0x4B, 0xFF, 0xE3, 0x70,
		0x80, 0x46, 0x00, 0x04,
		0x7C, 0x5F, 0x12, 0x14,
		0x80, 0x42, 0x00, 0x00,
		0x80, 0x66, 0x00, 0x08,
		0x7C, 0x02, 0x18, 0x40,
		0x41, 0x80, 0x00, 0x14,
		0x80, 0x66, 0x00, 0x0C,
		0x7C, 0x02, 0x18, 0x40,
		0x41, 0x81, 0x00, 0x08,
		0x48, 0x00, 0x00, 0x24,
		0x3C, 0x60, 0xDE, 0xAD,
		0x60, 0x63, 0xCA, 0xFE,
		0x38, 0xC6, 0x00, 0x0C,
		0x84, 0x46, 0x00, 0x08,
		0x2C, 0x02, 0x00, 0x03,
		0x40, 0xA2, 0xFF, 0xF8,
		0x38, 0xC6, 0x00, 0x04,
		0x4B, 0xFF, 0xE3, 0x28,
		0x38, 0xC6, 0x00, 0x10,
		0x4B, 0xFF, 0xE3, 0x20,
		0x00, 0x00, 0x00, 0x00,
		0x00, 0x00, 0x00, 0x00,
		0x00, 0x00, 0x00, 0x00,
		0x00, 0x00, 0x00, 0x00,
		0x00, 0x00, 0x00, 0x00,
		0x00, 0x00, 0x00, 0x00,
		0x00, 0x00, 0x00, 0x00,
		0x00, 0x00, 0x00, 0x00,
		0x00, 0x00, 0x00, 0x00,
		0x00, 0x00, 0x00, 0x00,
		0x00, 0x00, 0x00, 0x00,
		0x00, 0x00, 0x00, 0x00,
		0x00, 0x00, 0x00, 0x00,
		0x00, 0x00, 0x00, 0x00,
		0x00, 0x00, 0x00, 0x00,
		0x00, 0x00, 0x00, 0x00,
		0x00, 0x00, 0x00, 0x00,
		0x00, 0x00, 0x00, 0x00,
		0x00, 0x00, 0x00, 0x00,
		0x00, 0x00, 0x00, 0x00,
		0x4C, 0x6F, 0x61, 0x64,
		0x20, 0x49, 0x6E, 0x74,
		0x65, 0x67, 0x65, 0x72,
		0x20, 0x20, 0x20, 0x20,
		0x3C, 0x60, 0x10, 0x01,
		0x60, 0x63, 0x4F, 0x00,
		0x88, 0x86, 0x00, 0x03,
		0x1C, 0x84, 0x00, 0x04,
		0x7C, 0x63, 0x22, 0x14,
		0x88, 0x46, 0x00, 0x01,
		0x2C, 0x02, 0x00, 0x10,
		0x40, 0x80, 0x00, 0x50,
		0x2C, 0x02, 0x00, 0x02,
		0x41, 0x82, 0x00, 0x34,
		0x2C, 0x02, 0x00, 0x01,
		0x41, 0x82, 0x00, 0x18,
		0x80, 0x86, 0x00, 0x04,
		0x88, 0x84, 0x00, 0x00,
		0x98, 0x83, 0x00, 0x03,
		0x38, 0xC6, 0x00, 0x08,
		0x4B, 0xFF, 0xE2, 0x7C,
		0x80, 0x86, 0x00, 0x04,
		0xA0, 0x84, 0x00, 0x00,
		0xB0, 0x83, 0x00, 0x02,
		0x38, 0xC6, 0x00, 0x08,
		0x4B, 0xFF, 0xE2, 0x68,
		0x80, 0x86, 0x00, 0x04,
		0x80, 0x84, 0x00, 0x00,
		0x90, 0x83, 0x00, 0x00,
		0x38, 0xC6, 0x00, 0x08,
		0x4B, 0xFF, 0xE2, 0x54,
		0x2C, 0x02, 0x00, 0x12,
		0x41, 0x82, 0x00, 0x3C,
		0x2C, 0x02, 0x00, 0x11,
		0x41, 0x82, 0x00, 0x1C,
		0x80, 0x86, 0x00, 0x04,
		0x7C, 0x84, 0xFA, 0x14,
		0x88, 0x84, 0x00, 0x00,
		0x98, 0x83, 0x00, 0x03,
		0x38, 0xC6, 0x00, 0x08,
		0x4B, 0xFF, 0xE2, 0x2C,
		0x80, 0x86, 0x00, 0x04,
		0x7C, 0x84, 0xFA, 0x14,
		0xA0, 0x84, 0x00, 0x00,
		0xB0, 0x83, 0x00, 0x02,
		0x38, 0xC6, 0x00, 0x08,
		0x4B, 0xFF, 0xE2, 0x14,
		0x80, 0x86, 0x00, 0x04,
		0x7C, 0x84, 0xFA, 0x14,
		0x80, 0x84, 0x00, 0x00,
		0x90, 0x83, 0x00, 0x00,
		0x38, 0xC6, 0x00, 0x08,
		0x4B, 0xFF, 0xE1, 0xFC,
		0x00, 0x00, 0x00, 0x00,
		0x00, 0x00, 0x00, 0x00,
		0x00, 0x00, 0x00, 0x00,
		0x00, 0x00, 0x00, 0x00,
		0x00, 0x00, 0x00, 0x00,
		0x00, 0x00, 0x00, 0x00,
		0x00, 0x00, 0x00, 0x00,
		0x00, 0x00, 0x00, 0x00,
		0x00, 0x00, 0x00, 0x00,
		0x00, 0x00, 0x00, 0x00,
		0x00, 0x00, 0x00, 0x00,
		0x00, 0x00, 0x00, 0x00,
		0x00, 0x00, 0x00, 0x00,
		0x00, 0x00, 0x00, 0x00,
		0x00, 0x00, 0x00, 0x00,
		0x00, 0x00, 0x00, 0x00,
		0x00, 0x00, 0x00, 0x00,
		0x00, 0x00, 0x00, 0x00,
		0x00, 0x00, 0x00, 0x00,
		0x00, 0x00, 0x00, 0x00,
		0x00, 0x00, 0x00, 0x00,
		0x00, 0x00, 0x00, 0x00,
		0x00, 0x00, 0x00, 0x00,
		0x00, 0x00, 0x00, 0x00,
		0x00, 0x00, 0x00, 0x00,
		0x00, 0x00, 0x00, 0x00,
		0x00, 0x00, 0x00, 0x00,
		0x00, 0x00, 0x00, 0x00,
		0x00, 0x00, 0x00, 0x00,
		0x00, 0x00, 0x00, 0x00,
		0x00, 0x00, 0x00, 0x00,
		0x53, 0x74, 0x6F, 0x72,
		0x65, 0x20, 0x49, 0x6E,
		0x74, 0x65, 0x67, 0x65,
		0x72, 0x00, 0x00, 0x00,
		0x3C, 0x60, 0x10, 0x01,
		0x60, 0x63, 0x4F, 0x00,
		0x88, 0x86, 0x00, 0x03,
		0x1C, 0x84, 0x00, 0x04,
		0x7C, 0x63, 0x22, 0x14,
		0x88, 0x46, 0x00, 0x01,
		0x2C, 0x02, 0x00, 0x10,
		0x40, 0x80, 0x00, 0x50,
		0x2C, 0x02, 0x00, 0x02,
		0x41, 0x82, 0x00, 0x34,
		0x2C, 0x02, 0x00, 0x01,
		0x41, 0x82, 0x00, 0x18,
		0x80, 0x86, 0x00, 0x04,
		0x88, 0x63, 0x00, 0x03,
		0x98, 0x64, 0x00, 0x00,
		0x38, 0xC6, 0x00, 0x08,
		0x4B, 0xFF, 0xE1, 0x2C,
		0x80, 0x86, 0x00, 0x04,
		0xA0, 0x63, 0x00, 0x02,
		0xB0, 0x64, 0x00, 0x00,
		0x38, 0xC6, 0x00, 0x08,
		0x4B, 0xFF, 0xE1, 0x18,
		0x80, 0x86, 0x00, 0x04,
		0x80, 0x63, 0x00, 0x00,
		0x90, 0x64, 0x00, 0x00,
		0x38, 0xC6, 0x00, 0x08,
		0x4B, 0xFF, 0xE1, 0x04,
		0x2C, 0x02, 0x00, 0x12,
		0x41, 0x82, 0x00, 0x3C,
		0x2C, 0x02, 0x00, 0x11,
		0x41, 0x82, 0x00, 0x1C,
		0x80, 0x86, 0x00, 0x04,
		0x7C, 0x84, 0xFA, 0x14,
		0x88, 0x63, 0x00, 0x03,
		0x98, 0x64, 0x00, 0x00,
		0x38, 0xC6, 0x00, 0x08,
		0x4B, 0xFF, 0xE0, 0xDC,
		0x80, 0x86, 0x00, 0x04,
		0x7C, 0x84, 0xFA, 0x14,
		0xA0, 0x63, 0x00, 0x02,
		0xB0, 0x64, 0x00, 0x00,
		0x38, 0xC6, 0x00, 0x08,
		0x4B, 0xFF, 0xE0, 0xC4,
		0x80, 0x86, 0x00, 0x04,
		0x7C, 0x84, 0xFA, 0x14,
		0x80, 0x63, 0x00, 0x00,
		0x90, 0x64, 0x00, 0x00,
		0x38, 0xC6, 0x00, 0x08,
		0x4B, 0xFF, 0xE0, 0xAC,
		0x00, 0x00, 0x00, 0x00,
		0x00, 0x00, 0x00, 0x00,
		0x00, 0x00, 0x00, 0x00,
		0x00, 0x00, 0x00, 0x00,
		0x00, 0x00, 0x00, 0x00,
		0x00, 0x00, 0x00, 0x00,
		0x00, 0x00, 0x00, 0x00,
		0x00, 0x00, 0x00, 0x00,
		0x00, 0x00, 0x00, 0x00,
		0x00, 0x00, 0x00, 0x00,
		0x00, 0x00, 0x00, 0x00,
		0x00, 0x00, 0x00, 0x00,
		0x00, 0x00, 0x00, 0x00,
		0x00, 0x00, 0x00, 0x00,
		0x00, 0x00, 0x00, 0x00,
		0x00, 0x00, 0x00, 0x00,
		0x00, 0x00, 0x00, 0x00,
		0x00, 0x00, 0x00, 0x00,
		0x00, 0x00, 0x00, 0x00,
		0x00, 0x00, 0x00, 0x00,
		0x00, 0x00, 0x00, 0x00,
		0x00, 0x00, 0x00, 0x00,
		0x00, 0x00, 0x00, 0x00,
		0x00, 0x00, 0x00, 0x00,
		0x00, 0x00, 0x00, 0x00,
		0x00, 0x00, 0x00, 0x00,
		0x00, 0x00, 0x00, 0x00,
		0x4C, 0x6F, 0x61, 0x64,
		0x20, 0x46, 0x6C, 0x6F,
		0x61, 0x74, 0x00, 0x00,
		0x00, 0x00, 0x00, 0x00,
		0x3C, 0x60, 0x10, 0x01,
		0x60, 0x63, 0x4F, 0x40,
		0x88, 0x86, 0x00, 0x03,
		0x1C, 0x84, 0x00, 0x04,
		0x7C, 0x63, 0x22, 0x14,
		0x88, 0x46, 0x00, 0x01,
		0x2C, 0x02, 0x00, 0x10,
		0x41, 0x82, 0x00, 0x18,
		0x80, 0x86, 0x00, 0x04,
		0xC0, 0x04, 0x00, 0x00,
		0xD0, 0x03, 0x00, 0x00,
		0x38, 0xC6, 0x00, 0x08,
		0x4B, 0xFF, 0xDF, 0xFC,
		0x80, 0x86, 0x00, 0x04,
		0x7C, 0x84, 0xFA, 0x14,
		0xC0, 0x04, 0x00, 0x00,
		0xD0, 0x03, 0x00, 0x00,
		0x38, 0xC6, 0x00, 0x08,
		0x4B, 0xFF, 0xDF, 0xE4,
		0x00, 0x00, 0x00, 0x00,
		0x00, 0x00, 0x00, 0x00,
		0x00, 0x00, 0x00, 0x00,
		0x00, 0x00, 0x00, 0x00,
		0x00, 0x00, 0x00, 0x00,
		0x00, 0x00, 0x00, 0x00,
		0x00, 0x00, 0x00, 0x00,
		0x00, 0x00, 0x00, 0x00,
		0x00, 0x00, 0x00, 0x00,
		0x00, 0x00, 0x00, 0x00,
		0x00, 0x00, 0x00, 0x00,
		0x00, 0x00, 0x00, 0x00,
		0x00, 0x00, 0x00, 0x00,
		0x00, 0x00, 0x00, 0x00,
		0x00, 0x00, 0x00, 0x00,
		0x00, 0x00, 0x00, 0x00,
		0x00, 0x00, 0x00, 0x00,
		0x00, 0x00, 0x00, 0x00,
		0x00, 0x00, 0x00, 0x00,
		0x00, 0x00, 0x00, 0x00,
		0x00, 0x00, 0x00, 0x00,
		0x53, 0x74, 0x6F, 0x72,
		0x65, 0x20, 0x46, 0x6C,
		0x6F, 0x61, 0x74, 0x20,
		0x20, 0x20, 0x20, 0x20,
		0x3C, 0x60, 0x10, 0x01,
		0x60, 0x63, 0x4F, 0x40,
		0x88, 0x86, 0x00, 0x03,
		0x1C, 0x84, 0x00, 0x04,
		0x7C, 0x63, 0x22, 0x14,
		0x88, 0x46, 0x00, 0x01,
		0x2C, 0x02, 0x00, 0x10,
		0x41, 0x82, 0x00, 0x18,
		0x80, 0x86, 0x00, 0x04,
		0xC0, 0x03, 0x00, 0x00,
		0xD0, 0x04, 0x00, 0x00,
		0x38, 0xC6, 0x00, 0x08,
		0x4B, 0xFF, 0xDF, 0x4C,
		0x80, 0x86, 0x00, 0x04,
		0x7C, 0x84, 0xFA, 0x14,
		0xC0, 0x03, 0x00, 0x00,
		0xD0, 0x04, 0x00, 0x00,
		0x38, 0xC6, 0x00, 0x08,
		0x4B, 0xFF, 0xDF, 0x34,
		0x00, 0x00, 0x00, 0x00,
		0x00, 0x00, 0x00, 0x00,
		0x00, 0x00, 0x00, 0x00,
		0x00, 0x00, 0x00, 0x00,
		0x00, 0x00, 0x00, 0x00,
		0x00, 0x00, 0x00, 0x00,
		0x00, 0x00, 0x00, 0x00,
		0x00, 0x00, 0x00, 0x00,
		0x00, 0x00, 0x00, 0x00,
		0x00, 0x00, 0x00, 0x00,
		0x00, 0x00, 0x00, 0x00,
		0x00, 0x00, 0x00, 0x00,
		0x00, 0x00, 0x00, 0x00,
		0x00, 0x00, 0x00, 0x00,
		0x00, 0x00, 0x00, 0x00,
		0x00, 0x00, 0x00, 0x00,
		0x00, 0x00, 0x00, 0x00,
		0x00, 0x00, 0x00, 0x00,
		0x00, 0x00, 0x00, 0x00,
		0x00, 0x00, 0x00, 0x00,
		0x00, 0x00, 0x00, 0x00,
		0x00, 0x00, 0x00, 0x00,
		0x00, 0x00, 0x00, 0x00,
		0x00, 0x00, 0x00, 0x00,
		0x00, 0x00, 0x00, 0x00,
		0x49, 0x6E, 0x74, 0x20,
		0x4F, 0x70, 0x65, 0x72,
		0x61, 0x74, 0x69, 0x6F,
		0x6E, 0x73, 0x00, 0x00,
		0x3C, 0x60, 0x10, 0x01,
		0x60, 0x63, 0x4F, 0x00,
		0x3C, 0x80, 0x10, 0x01,
		0x60, 0x84, 0x4F, 0x00,
		0x88, 0x46, 0x00, 0x01,
		0x88, 0xE6, 0x00, 0x02,
		0x89, 0x06, 0x00, 0x03,
		0x1C, 0xE7, 0x00, 0x04,
		0x1D, 0x08, 0x00, 0x04,
		0x7C, 0x63, 0x3A, 0x14,
		0x7C, 0x84, 0x42, 0x14,
		0x2C, 0x02, 0x00, 0x00,
		0x41, 0x81, 0x00, 0x18,
		0x80, 0xE3, 0x00, 0x00,
		0x81, 0x04, 0x00, 0x00,
		0x7C, 0xE7, 0x42, 0x14,
		0x90, 0xE3, 0x00, 0x00,
		0x48, 0x00, 0x00, 0x1C,
		0x2C, 0x02, 0x00, 0x01,
		0x41, 0x81, 0x00, 0x18,
		0x80, 0xE3, 0x00, 0x00,
		0x81, 0x04, 0x00, 0x00,
		0x7C, 0xE8, 0x38, 0x50,
		0x90, 0xE3, 0x00, 0x00,
		0x48, 0x00, 0x00, 0x1C,
		0x2C, 0x02, 0x00, 0x02,
		0x41, 0x81, 0x00, 0x18,
		0x80, 0xE3, 0x00, 0x00,
		0x81, 0x04, 0x00, 0x00,
		0x7C, 0xE7, 0x41, 0xD6,
		0x90, 0xE3, 0x00, 0x00,
		0x48, 0x00, 0x00, 0x1C,
		0x2C, 0x02, 0x00, 0x03,
		0x41, 0x81, 0x00, 0x18,
		0x80, 0xE3, 0x00, 0x00,
		0x81, 0x04, 0x00, 0x00,
		0x7C, 0xE7, 0x43, 0xD6,
		0x90, 0xE3, 0x00, 0x00,
		0x48, 0x00, 0x00, 0x1C,
		0x2C, 0x02, 0x00, 0x04,
		0x41, 0x81, 0x00, 0x18,
		0x80, 0xE3, 0x00, 0x00,
		0x81, 0x06, 0x00, 0x04,
		0x7C, 0xE7, 0x42, 0x14,
		0x90, 0xE3, 0x00, 0x00,
		0x48, 0x00, 0x00, 0x1C,
		0x2C, 0x02, 0x00, 0x05,
		0x41, 0x81, 0x00, 0x18,
		0x80, 0xE3, 0x00, 0x00,
		0x81, 0x06, 0x00, 0x04,
		0x7C, 0xE8, 0x38, 0x50,
		0x90, 0xE3, 0x00, 0x00,
		0x48, 0x00, 0x00, 0x1C,
		0x2C, 0x02, 0x00, 0x06,
		0x41, 0x81, 0x00, 0x18,
		0x80, 0xE3, 0x00, 0x00,
		0x81, 0x06, 0x00, 0x04,
		0x7C, 0xE7, 0x41, 0xD6,
		0x90, 0xE3, 0x00, 0x00,
		0x48, 0x00, 0x00, 0x1C,
		0x2C, 0x02, 0x00, 0x07,
		0x41, 0x81, 0x00, 0x14,
		0x80, 0xE3, 0x00, 0x00,
		0x81, 0x06, 0x00, 0x04,
		0x7C, 0xE7, 0x43, 0xD6,
		0x90, 0xE3, 0x00, 0x00,
		0x38, 0xC6, 0x00, 0x08,
		0x4B, 0xFF, 0xDD, 0xB0,
		0x00, 0x00, 0x00, 0x00,
		0x00, 0x00, 0x00, 0x00,
		0x00, 0x00, 0x00, 0x00,
		0x00, 0x00, 0x00, 0x00,
		0x00, 0x00, 0x00, 0x00,
		0x00, 0x00, 0x00, 0x00,
		0x00, 0x00, 0x00, 0x00,
		0x00, 0x00, 0x00, 0x00,
		0x00, 0x00, 0x00, 0x00,
		0x00, 0x00, 0x00, 0x00,
		0x00, 0x00, 0x00, 0x00,
		0x00, 0x00, 0x00, 0x00,
		0x00, 0x00, 0x00, 0x00,
		0x00, 0x00, 0x00, 0x00,
		0x00, 0x00, 0x00, 0x00,
		0x00, 0x00, 0x00, 0x00,
		0x50, 0x6C, 0x61, 0x63,
		0x65, 0x20, 0x48, 0x6F,
		0x6C, 0x64, 0x65, 0x72,
		0x00, 0x00, 0x00, 0x00,
		0x00, 0x00, 0x00, 0x00,
		0x00, 0x00, 0x00, 0x00,
		0x00, 0x00, 0x00, 0x00,
		0x00, 0x00, 0x00, 0x00,
		0x00, 0x00, 0x00, 0x00,
		0x00, 0x00, 0x00, 0x00,
		0x00, 0x00, 0x00, 0x00,
		0x00, 0x00, 0x00, 0x00,
		0x00, 0x00, 0x00, 0x00,
		0x00, 0x00, 0x00, 0x00,
		0x00, 0x00, 0x00, 0x00,
		0x00, 0x00, 0x00, 0x00,
		0x00, 0x00, 0x00, 0x00,
		0x00, 0x00, 0x00, 0x00,
		0x00, 0x00, 0x00, 0x00,
		0x00, 0x00, 0x00, 0x00,
		0x00, 0x00, 0x00, 0x00,
		0x00, 0x00, 0x00, 0x00,
		0x00, 0x00, 0x00, 0x00,
		0x00, 0x00, 0x00, 0x00,
		0x00, 0x00, 0x00, 0x00,
		0x00, 0x00, 0x00, 0x00,
		0x00, 0x00, 0x00, 0x00,
		0x00, 0x00, 0x00, 0x00,
		0x00, 0x00, 0x00, 0x00,
		0x00, 0x00, 0x00, 0x00,
		0x00, 0x00, 0x00, 0x00,
		0x00, 0x00, 0x00, 0x00,
		0x00, 0x00, 0x00, 0x00,
		0x00, 0x00, 0x00, 0x00,
		0x00, 0x00, 0x00, 0x00,
		0x00, 0x00, 0x00, 0x00,
		0x53, 0x63, 0x68, 0x70,
		0x61, 0x62, 0x62, 0x61,
		0x64, 0x6F, 0x6F, 0x21,
		0x21, 0x21, 0x00, 0x00,
		0x00, 0x00, 0x00, 0x00,
		0x00, 0x00, 0x00, 0x00,
		0x00, 0x00, 0x00, 0x00,
		0x00, 0x00, 0x00, 0x00,
		0x00, 0x00, 0x00, 0x00,
		0x00, 0x00, 0x00, 0x00,
		0x00, 0x00, 0x00, 0x00,
		0x00, 0x00, 0x00, 0x00,
		0x00, 0x00, 0x00, 0x00,
		0x00, 0x00, 0x00, 0x00,
		0x00, 0x00, 0x00, 0x00,
		0x00, 0x00, 0x00, 0x00,
		0x00, 0x00, 0x00, 0x00,
		0x00, 0x00, 0x00, 0x00,
		0x00, 0x00, 0x00, 0x00,
		0x00, 0x00, 0x00, 0x00,
		0x50, 0x6C, 0x61, 0x63,
		0x65, 0x68, 0x6F, 0x6C,
		0x64, 0x65, 0x72, 0x00,
		0x00, 0x00, 0x00, 0x00,
		0x00, 0x00, 0x00, 0x00,
		0x00, 0x00, 0x00, 0x00,
		0x00, 0x00, 0x00, 0x00,
		0x00, 0x00, 0x00, 0x00,
		0x00, 0x00, 0x00, 0x00,
		0x00, 0x00, 0x00, 0x00,
		0x00, 0x00, 0x00, 0x00,
		0x00, 0x00, 0x00, 0x00,
		0x00, 0x00, 0x00, 0x00,
		0x00, 0x00, 0x00, 0x00,
		0x00, 0x00, 0x00, 0x00,
		0x00, 0x00, 0x00, 0x00,
		0x00, 0x00, 0x00, 0x00,
		0x00, 0x00, 0x00, 0x00,
		0x00, 0x00, 0x00, 0x00,
		0x00, 0x00, 0x00, 0x00,
		0x00, 0x00, 0x00, 0x00,
		0x00, 0x00, 0x00, 0x00,
		0x00, 0x00, 0x00, 0x00,
		0x00, 0x00, 0x00, 0x00,
		0x46, 0x6C, 0x6F, 0x61,
		0x74, 0x20, 0x4F, 0x70,
		0x65, 0x72, 0x61, 0x74,
		0x69, 0x6F, 0x6E, 0x73,
		0x3C, 0x60, 0x10, 0x01,
		0x60, 0x63, 0x4F, 0x40,
		0x3C, 0x80, 0x10, 0x01,
		0x60, 0x84, 0x4F, 0x40,
		0x88, 0x46, 0x00, 0x01,
		0x88, 0xE6, 0x00, 0x02,
		0x89, 0x06, 0x00, 0x03,
		0x1C, 0xE7, 0x00, 0x04,
		0x1D, 0x08, 0x00, 0x04,
		0x7C, 0x63, 0x3A, 0x14,
		0x7C, 0x84, 0x42, 0x14,
		0x2C, 0x02, 0x00, 0x00,
		0x41, 0x81, 0x00, 0x18,
		0xC0, 0x03, 0x00, 0x00,
		0xC0, 0x24, 0x00, 0x00,
		0xEC, 0x00, 0x08, 0x2A,
		0xD0, 0x03, 0x00, 0x00,
		0x48, 0x00, 0x00, 0x1C,
		0x2C, 0x02, 0x00, 0x01,
		0x41, 0x81, 0x00, 0x18,
		0xC0, 0x03, 0x00, 0x00,
		0xC0, 0x24, 0x00, 0x00,
		0xEC, 0x00, 0x08, 0x28,
		0xD0, 0x03, 0x00, 0x00,
		0x48, 0x00, 0x00, 0x1C,
		0x2C, 0x02, 0x00, 0x02,
		0x41, 0x81, 0x00, 0x18,
		0xC0, 0x03, 0x00, 0x00,
		0xC0, 0x24, 0x00, 0x00,
		0xEC, 0x00, 0x00, 0x72,
		0xD0, 0x03, 0x00, 0x00,
		0x48, 0x00, 0x00, 0x1C,
		0x2C, 0x02, 0x00, 0x03,
		0x41, 0x81, 0x00, 0x18,
		0xC0, 0x03, 0x00, 0x00,
		0xC0, 0x24, 0x00, 0x00,
		0xEC, 0x00, 0x08, 0x24,
		0xD0, 0x03, 0x00, 0x00,
		0x48, 0x00, 0x00, 0x1C,
		0x2C, 0x02, 0x00, 0x04,
		0x41, 0x81, 0x00, 0x18,
		0xC0, 0x03, 0x00, 0x00,
		0xC0, 0x26, 0x00, 0x04,
		0xEC, 0x00, 0x08, 0x2A,
		0xD0, 0x03, 0x00, 0x00,
		0x48, 0x00, 0x00, 0x1C,
		0x2C, 0x02, 0x00, 0x05,
		0x41, 0x81, 0x00, 0x18,
		0xC0, 0x03, 0x00, 0x00,
		0xC0, 0x26, 0x00, 0x04,
		0xEC, 0x00, 0x08, 0x28,
		0xD0, 0x03, 0x00, 0x00,
		0x48, 0x00, 0x00, 0x1C,
		0x2C, 0x02, 0x00, 0x06,
		0x41, 0x81, 0x00, 0x18,
		0xC0, 0x03, 0x00, 0x00,
		0xC0, 0x26, 0x00, 0x04,
		0xEC, 0x00, 0x00, 0x72,
		0xD0, 0x03, 0x00, 0x00,
		0x48, 0x00, 0x00, 0x1C,
		0x2C, 0x02, 0x00, 0x07,
		0x41, 0x81, 0x00, 0x18,
		0xC0, 0x03, 0x00, 0x00,
		0xC0, 0x26, 0x00, 0x04,
		0xEC, 0x00, 0x08, 0x24,
		0xD0, 0x03, 0x00, 0x00,
		0x48, 0x00, 0x00, 0x2C,
		0x2C, 0x02, 0x00, 0x08,
		0x41, 0x81, 0x00, 0x24,
		0xC0, 0x03, 0x00, 0x00,
		0xFC, 0x20, 0x00, 0x1E,
		0x38, 0x84, 0xFF, 0xC0,
		0x3D, 0x00, 0x10, 0x01,
		0x61, 0x08, 0x4F, 0x60,
		0xD8, 0x28, 0x00, 0x00,
		0x80, 0xA8, 0x00, 0x04,
		0x90, 0xA4, 0x00, 0x00,
		0x38, 0xC6, 0x00, 0x08,
		0x4B, 0xFF, 0xDA, 0xE4,
		0x00, 0x00, 0x00, 0x00,
		0x00, 0x00, 0x00, 0x00,
		0x00, 0x00, 0x00, 0x00,
		0x00, 0x00, 0x00, 0x00,
		0x00, 0x00, 0x00, 0x00,
		0x00, 0x00, 0x00, 0x00,
		0x00, 0x00, 0x00, 0x00,
		0x00, 0x00, 0x00, 0x00,
		0x00, 0x00, 0x00, 0x00,
		0x00, 0x00, 0x00, 0x00,
		0x00, 0x00, 0x00, 0x00,
		0x00, 0x00, 0x00, 0x00,
		0x00, 0x00, 0x00, 0x00,
		0x00, 0x00, 0x00, 0x00,
		0x00, 0x00, 0x00, 0x00,
		0x00, 0x00, 0x00, 0x00,
		0x00, 0x00, 0x00, 0x00,
		0x00, 0x00, 0x00, 0x00,
		0x00, 0x00, 0x00, 0x00,
		0x00, 0x00, 0x00, 0x00,
		0x00, 0x00, 0x00, 0x00,
		0x00, 0x00, 0x00, 0x00,
		0x00, 0x00, 0x00, 0x00,
		0x00, 0x00, 0x00, 0x00,
		0x00, 0x00, 0x00, 0x00,
		0x00, 0x00, 0x00, 0x00,
		0x00, 0x00, 0x00, 0x00,
		0x00, 0x00, 0x00, 0x00,
		0x00, 0x00, 0x00, 0x00,
		0x00, 0x00, 0x00, 0x00,
		0x00, 0x00, 0x00, 0x00,
		0x00, 0x00, 0x00, 0x00,
		0x00, 0x00, 0x00, 0x00,
		0x00, 0x00, 0x00, 0x00,
		0x00, 0x00, 0x00, 0x00,
		0x00, 0x00, 0x00, 0x00,
		0x00, 0x00, 0x00, 0x00,
		0x00, 0x00, 0x00, 0x00,
		0x00, 0x00, 0x00, 0x00,
		0x00, 0x00, 0x00, 0x00,
		0x00, 0x00, 0x00, 0x00,
		0x00, 0x00, 0x00, 0x00,
		0x00, 0x00, 0x00, 0x00,
		0x00, 0x00, 0x00, 0x00,
		0x00, 0x00, 0x00, 0x00,
		0x00, 0x00, 0x00, 0x00,
		0x00, 0x00, 0x00, 0x00,
		0x00, 0x00, 0x00, 0x00,
		0x00, 0x00, 0x00, 0x00,
		0x00, 0x00, 0x00, 0x00,
		0x00, 0x00, 0x00, 0x00,
		0x00, 0x00, 0x00, 0x00,
		0x00, 0x00, 0x00, 0x00,
		0x00, 0x00, 0x00, 0x00,
		0x00, 0x00, 0x00, 0x00,
		0x00, 0x00, 0x00, 0x00,
		0x00, 0x00, 0x00, 0x00,
		0x00, 0x00, 0x00, 0x00,
		0x00, 0x00, 0x00, 0x00,
		0x00, 0x00, 0x00, 0x00,
		0x00, 0x00, 0x00, 0x00,
		0x00, 0x00, 0x00, 0x00,
		0x00, 0x00, 0x00, 0x00,
		0x00, 0x00, 0x00, 0x00,
		0x00, 0x00, 0x00, 0x00,
		0x00, 0x00, 0x00, 0x00,
		0x00, 0x00, 0x00, 0x00,
		0x00, 0x00, 0x00, 0x00,
		0x00, 0x00, 0x00, 0x00,
		0x00, 0x00, 0x00, 0x00,
		0x00, 0x00, 0x00, 0x00,
		0x00, 0x00, 0x00, 0x00,
		0x00, 0x00, 0x00, 0x00,
		0x00, 0x00, 0x00, 0x00,
		0x00, 0x00, 0x00, 0x00,
		0x00, 0x00, 0x00, 0x00,
		0x00, 0x00, 0x00, 0x00,
		0x00, 0x00, 0x00, 0x00,
		0x00, 0x00, 0x00, 0x00,
		0x00, 0x00, 0x00, 0x00,
		0x00, 0x00, 0x00, 0x00,
		0x46, 0x69, 0x6C, 0x6C,
		0x20, 0x52, 0x61, 0x6E,
		0x67, 0x65, 0x00, 0x00,
		0x00, 0x00, 0x00, 0x00,
		0x88, 0x46, 0x00, 0x01,
		0x2C, 0x02, 0x00, 0x10,
		0x41, 0x82, 0x00, 0x4C,
		0x81, 0x06, 0x00, 0x04,
		0x80, 0x66, 0x00, 0x08,
		0x80, 0x86, 0x00, 0x0C,
		0x7C, 0x83, 0x22, 0x14,
		0x38, 0x63, 0xFF, 0xFC,
		0x7C, 0x03, 0x20, 0x00,
		0x41, 0x82, 0x00, 0x0C,
		0x95, 0x03, 0x00, 0x04,
		0x4B, 0xFF, 0xFF, 0xF4,
		0x3C, 0x40, 0xD0, 0x00,
		0x3C, 0x60, 0xDE, 0xAD,
		0x60, 0x63, 0xC0, 0xDE,
		0x90, 0x46, 0x00, 0x00,
		0x90, 0x46, 0x00, 0x08,
		0x90, 0x66, 0x00, 0x04,
		0x90, 0x66, 0x00, 0x0C,
		0x38, 0xC6, 0x00, 0x10,
		0x4B, 0xFF, 0xD9, 0x3C,
		0x81, 0x06, 0x00, 0x04,
		0x80, 0x66, 0x00, 0x08,
		0x7C, 0x63, 0xFA, 0x14,
		0x80, 0x86, 0x00, 0x0C,
		0x7C, 0x83, 0x22, 0x14,
		0x38, 0x63, 0xFF, 0xFC,
		0x7C, 0x03, 0x20, 0x00,
		0x41, 0x82, 0x00, 0x0C,
		0x95, 0x03, 0x00, 0x04,
		0x4B, 0xFF, 0xFF, 0xF4,
		0x3C, 0x40, 0xD0, 0x00,
		0x3C, 0x60, 0xDE, 0xAD,
		0x60, 0x63, 0xC0, 0xDE,
		0x90, 0x46, 0x00, 0x00,
		0x90, 0x46, 0x00, 0x08,
		0x90, 0x66, 0x00, 0x04,
		0x90, 0x66, 0x00, 0x0C,
		0x38, 0xC6, 0x00, 0x10,
		0x4B, 0xFF, 0xD8, 0xF0,
		0x00, 0x00, 0x00, 0x00,
		0x00, 0x00, 0x00, 0x00,
		0x00, 0x00, 0x00, 0x00,
		0x00, 0x00, 0x00, 0x00,
		0x00, 0x00, 0x00, 0x00,
		0x00, 0x00, 0x00, 0x00,
		0x00, 0x00, 0x00, 0x00,
		0x00, 0x00, 0x00, 0x00,
		0x00, 0x00, 0x00, 0x00,
		0x00, 0x00, 0x00, 0x00,
		0x00, 0x00, 0x00, 0x00,
		0x00, 0x00, 0x00, 0x00,
		0x00, 0x00, 0x00, 0x00,
		0x00, 0x00, 0x00, 0x00,
		0x00, 0x00, 0x00, 0x00,
		0x00, 0x00, 0x00, 0x00,
		0x00, 0x00, 0x00, 0x00,
		0x00, 0x00, 0x00, 0x00,
		0x00, 0x00, 0x00, 0x00,
		0x00, 0x00, 0x00, 0x00,
		0x00, 0x00, 0x00, 0x00,
		0x00, 0x00, 0x00, 0x00,
		0x00, 0x00, 0x00, 0x00,
		0x00, 0x00, 0x00, 0x00,
		0x00, 0x00, 0x00, 0x00,
		0x00, 0x00, 0x00, 0x00,
		0x00, 0x00, 0x00, 0x00,
		0x00, 0x00, 0x00, 0x00,
		0x00, 0x00, 0x00, 0x00,
		0x00, 0x00, 0x00, 0x00,
		0x00, 0x00, 0x00, 0x00,
		0x00, 0x00, 0x00, 0x00,
		0x43, 0x6F, 0x72, 0x72,
		0x75, 0x70, 0x74, 0x65,
		0x72, 0x00, 0x00, 0x00,
		0x00, 0x00, 0x00, 0x00,
		0x80, 0x46, 0x00, 0x04,
		0x80, 0x66, 0x00, 0x08,
		0x80, 0x86, 0x00, 0x0C,
		0x80, 0xA6, 0x00, 0x10,
		0x38, 0x42, 0xFF, 0xFC,
		0x7C, 0x02, 0x18, 0x00,
		0x41, 0x82, 0x00, 0x1C,
		0x84, 0xE2, 0x00, 0x04,
		0x7C, 0x04, 0x28, 0x00,
		0x41, 0x82, 0x00, 0x08,
		0x4B, 0xFF, 0xFF, 0xEC,
		0x90, 0xA2, 0x00, 0x00,
		0x4B, 0xFF, 0xFF, 0xE4,
		0x3C, 0x40, 0xDE, 0xAD,
		0x60, 0x42, 0xC0, 0xDE,
		0x90, 0x46, 0x00, 0x00,
		0x90, 0x46, 0x00, 0x04,
		0x90, 0x46, 0x00, 0x08,
		0x38, 0xC6, 0x00, 0x18,
		0x4B, 0xFF, 0xD8, 0x10,
		0x00, 0x00, 0x00, 0x00,
		0x00, 0x00, 0x00, 0x00,
		0x00, 0x00, 0x00, 0x00,
		0x00, 0x00, 0x00, 0x00,
		0x00, 0x00, 0x00, 0x00,
		0x00, 0x00, 0x00, 0x00,
		0x00, 0x00, 0x00, 0x00,
		0x00, 0x00, 0x00, 0x00,
		0x00, 0x00, 0x00, 0x00,
		0x00, 0x00, 0x00, 0x00,
		0x00, 0x00, 0x00, 0x00,
		0x00, 0x00, 0x00, 0x00,
		0x00, 0x00, 0x00, 0x00,
		0x00, 0x00, 0x00, 0x00,
		0x00, 0x00, 0x00, 0x00,
		0x00, 0x00, 0x00, 0x00,
		0x54, 0x69, 0x6D, 0x65,
		0x72, 0x20, 0x20, 0x20,
		0x20, 0x20, 0x20, 0x00,
		0x00, 0x00, 0x00, 0x00,
		0x80, 0x86, 0x00, 0x04,
		0x3C, 0x40, 0x10, 0x01,
		0x60, 0x42, 0x4F, 0xC0,
		0x80, 0x62, 0x00, 0x00,
		0x7C, 0x03, 0x20, 0x40,
		0x40, 0x80, 0x00, 0x14,
		0x38, 0x63, 0x00, 0x01,
		0x90, 0x62, 0x00, 0x00,
		0x38, 0xC6, 0x00, 0x08,
		0x4B, 0xFF, 0xD7, 0x98,
		0x3C, 0x60, 0xCA, 0xFE,
		0x60, 0x63, 0xBA, 0xBE,
		0x84, 0x46, 0x00, 0x04,
		0x7C, 0x02, 0x18, 0x00,
		0x40, 0xA2, 0xFF, 0xF8,
		0x38, 0xC6, 0x00, 0x04,
		0x4B, 0xFF, 0xD7, 0x7C,
		0x00, 0x00, 0x00, 0x00,
		0x00, 0x00, 0x00, 0x00,
		0x00, 0x00, 0x00, 0x00,
		0x00, 0x00, 0x00, 0x00,
		0x00, 0x00, 0x00, 0x00,
		0x00, 0x00, 0x00, 0x00,
		0x00, 0x00, 0x00, 0x00,
		0x00, 0x00, 0x00, 0x00,
		0x00, 0x00, 0x00, 0x00,
		0x00, 0x00, 0x00, 0x00,
		0x00, 0x00, 0x00, 0x00,
		0x00, 0x00, 0x00, 0x00,
		0x00, 0x00, 0x00, 0x00,
		0x00, 0x00, 0x00, 0x00,
		0x00, 0x00, 0x00, 0x00,
		0x52, 0x65, 0x73, 0x65,
		0x74, 0x20, 0x54, 0x69,
		0x6D, 0x65, 0x72, 0x00,
		0x00, 0x00, 0x00, 0x00,
		0x80, 0x66, 0x00, 0x04,
		0xA0, 0x63, 0x00, 0x00,
		0xA0, 0x86, 0x00, 0x02,
		0x7C, 0x03, 0x20, 0x00,
		0x40, 0x82, 0x00, 0x14,
		0x3C, 0x40, 0x10, 0x01,
		0x60, 0x42, 0x4F, 0xC0,
		0x38, 0x60, 0x00, 0x00,
		0x90, 0x62, 0x00, 0x00,
		0x38, 0xC6, 0x00, 0x08,
		0x4B, 0xFF, 0xD7, 0x04,
		0x00, 0x00, 0x00, 0x00,
		0x00, 0x00, 0x00, 0x00,
		0x00, 0x00, 0x00, 0x00,
		0x00, 0x00, 0x00, 0x00,
		0x00, 0x00, 0x00, 0x00,
		0x45, 0x78, 0x65, 0x63,
		0x75, 0x74, 0x65, 0x20,
		0x41, 0x53, 0x4D, 0x00,
		0x00, 0x00, 0x00, 0x00,
		0x3C, 0x40, 0x10, 0x01,
		0x60, 0x42, 0x4F, 0xC0,
		0x90, 0xC2, 0x00, 0x00,
		0x93, 0xC2, 0x00, 0x04,
		0x93, 0xE2, 0x00, 0x08,
		0x38, 0x46, 0x00, 0x04,
		0x7C, 0x49, 0x03, 0xA6,
		0x4E, 0x80, 0x04, 0x20,
		0x60, 0x00, 0x00, 0x00,
		0x3C, 0x40, 0x10, 0x01,
		0x60, 0x42, 0x4F, 0xC0,
		0x80, 0xC2, 0x00, 0x00,
		0x83, 0xC2, 0x00, 0x04,
		0x83, 0xE2, 0x00, 0x08,
		0xA0, 0x46, 0x00, 0x02,
		0x1C, 0x42, 0x00, 0x08,
		0x7C, 0xC6, 0x12, 0x14,
		0x38, 0xC6, 0x00, 0x08,
		0x4B, 0xFF, 0xD6, 0x94,
		0x00, 0x00, 0x00, 0x00,
		0x00, 0x00, 0x00, 0x00,
		0x00, 0x00, 0x00, 0x00,
		0x00, 0x00, 0x00, 0x00,
		0x00, 0x00, 0x00, 0x00,
		0x00, 0x00, 0x00, 0x00,
		0x00, 0x00, 0x00, 0x00,
		0x00, 0x00, 0x00, 0x00,
		0x00, 0x00, 0x00, 0x00,
		0x53, 0x79, 0x73, 0x20,
		0x63, 0x61, 0x6C, 0x6C,
		0x73, 0x00, 0x00, 0x00,
		0x00, 0x00, 0x00, 0x00,
		0x3C, 0x40, 0x10, 0x01,
		0x60, 0x42, 0x4F, 0xC0,
		0x80, 0x66, 0x00, 0x0C,
		0x2C, 0x03, 0x00, 0x00,
		0x40, 0x82, 0x00, 0x38,
		0x90, 0xC2, 0x00, 0x00,
		0x93, 0xC2, 0x00, 0x04,
		0x93, 0xE2, 0x00, 0x08,
		0xA0, 0x06, 0x00, 0x02,
		0x44, 0x00, 0x00, 0x02,
		0x60, 0x00, 0x00, 0x00,
		0x3C, 0x40, 0x10, 0x01,
		0x60, 0x42, 0x4F, 0xC0,
		0x80, 0xC2, 0x00, 0x00,
		0x83, 0xC2, 0x00, 0x04,
		0x83, 0xE2, 0x00, 0x08,
		0x38, 0x60, 0x00, 0x01,
		0x90, 0x62, 0x00, 0x0C,
		0x38, 0xC6, 0x00, 0x08,
		0x4B, 0xFF, 0xD6, 0x10,
		0x00, 0x00, 0x00, 0x00,
		0x00, 0x00, 0x00, 0x00,
		0x00, 0x00, 0x00, 0x00,
		0x00, 0x00, 0x00, 0x00,
		0x00, 0x00, 0x00, 0x00,
		0x00, 0x00, 0x00, 0x00,
		0x00, 0x00, 0x00, 0x00,
		0x00, 0x00, 0x00, 0x00,
		0x00, 0x00, 0x00, 0x00,
		0x00, 0x00, 0x00, 0x00,
		0x00, 0x00, 0x00, 0x00,
		0x00, 0x00, 0x00, 0x00,
		0x00, 0x00, 0x00, 0x00,
		0x00, 0x00, 0x00, 0x00,
		0x00, 0x00, 0x00, 0x00,
		0x00, 0x00, 0x00, 0x00,
		0x00, 0x00, 0x00, 0x00,
		0x00, 0x00, 0x00, 0x00,
		0x00, 0x00, 0x00, 0x00,
		0x00, 0x00, 0x00, 0x00,
		0x00, 0x00, 0x00, 0x00,
		0x00, 0x00, 0x00, 0x00,
		0x00, 0x00, 0x00, 0x00,
		0x00, 0x00, 0x00, 0x00,
		0x00, 0x00, 0x00, 0x00,
		0x00, 0x00, 0x00, 0x00,
		0x00, 0x00, 0x00, 0x00,
		0x00, 0x00, 0x00, 0x00,
		0x00, 0x00, 0x00, 0x00,
		0x00, 0x00, 0x00, 0x00,
		0x00, 0x00, 0x00, 0x00,
		0x00, 0x00, 0x00, 0x00,
		0x00, 0x00, 0x00, 0x00,
		0x00, 0x00, 0x00, 0x00,
		0x00, 0x00, 0x00, 0x00,
		0x00, 0x00, 0x00, 0x00,
		0x00, 0x00, 0x00, 0x00,
		0x00, 0x00, 0x00, 0x00,
		0x00, 0x00, 0x00, 0x00,
		0x00, 0x00, 0x00, 0x00,
		0x00, 0x00, 0x00, 0x00,
		0x00, 0x00, 0x00, 0x00,
		0x00, 0x00, 0x00, 0x00,
		0x00, 0x00, 0x00, 0x00,
		0x00, 0x00, 0x00, 0x00,
		0x00, 0x00, 0x00, 0x00,
		0x00, 0x00, 0x00, 0x00,
		0x00, 0x00, 0x00, 0x00,
		0x00, 0x00, 0x00, 0x00,
		0x00, 0x00, 0x00, 0x00,
		0x00, 0x00, 0x00, 0x00,
		0x00, 0x00, 0x00, 0x00,
		0x00, 0x00, 0x00, 0x00,
		0x00, 0x00, 0x00, 0x00,
		0x00, 0x00, 0x00, 0x00,
		0x00, 0x00, 0x00, 0x00,
		0x50, 0x61, 0x74, 0x63,
		0x68, 0x20, 0x41, 0x53,
		0x4D, 0x00, 0x00, 0x00,
		0x00, 0x00, 0x00, 0x00,
		0x80, 0x46, 0x00, 0x04,
		0x80, 0x66, 0x00, 0x08,
		0x3C, 0x80, 0x10, 0x10,
		0x80, 0xA4, 0x00, 0x00,
		0x7C, 0x05, 0x18, 0x40,
		0x41, 0x82, 0x00, 0x2C,
		0x80, 0xA4, 0x00, 0x00,
		0x28, 0x05, 0x00, 0x00,
		0x41, 0x82, 0x00, 0x18,
		0x60, 0x00, 0x00, 0x00,
		0x60, 0x00, 0x00, 0x00,
		0x60, 0x00, 0x00, 0x00,
		0x60, 0x00, 0x00, 0x00,
		0x4B, 0xFF, 0xFF, 0xE4,
		0x90, 0x44, 0x00, 0x00,
		0x90, 0x64, 0x00, 0x04,
		0x38, 0xC6, 0x00, 0x10,
		0x4B, 0xFF, 0xD4, 0xD8,
		0x00, 0x00, 0x00, 0x00,
		0x00, 0x00, 0x00, 0x00,
		0x00, 0x00, 0x00, 0x00,
		0x00, 0x00, 0x00, 0x00,
		0x00, 0x00, 0x00, 0x00,
		0x00, 0x00, 0x00, 0x00,
		0x00, 0x00, 0x00, 0x00,
		0x00, 0x00, 0x00, 0x00,
		0x00, 0x00, 0x00, 0x00,
		0x00, 0x00, 0x00, 0x00,
		0x50, 0x61, 0x74, 0x63,
		0x68, 0x20, 0x41, 0x53,
		0x4D, 0x20, 0x53, 0x74,
		0x72, 0x69, 0x6E, 0x67,
		0xA0, 0x46, 0x00, 0x02,
		0x80, 0x66, 0x00, 0x04,
		0x3D, 0x40, 0x10, 0x10,
		0x39, 0xA0, 0x00, 0x00,
		0x38, 0xC6, 0x00, 0x04,
		0x38, 0x63, 0xFF, 0xFC,
		0x39, 0xAD, 0x00, 0x01,
		0x38, 0xC6, 0x00, 0x04,
		0x38, 0x63, 0x00, 0x04,
		0x7C, 0x0D, 0x10, 0x00,
		0x41, 0x81, 0x00, 0x34,
		0x80, 0x86, 0x00, 0x00,
		0x80, 0xAA, 0x00, 0x00,
		0x2C, 0x05, 0x00, 0x00,
		0x41, 0x82, 0x00, 0x18,
		0x60, 0x00, 0x00, 0x00,
		0x60, 0x00, 0x00, 0x00,
		0x60, 0x00, 0x00, 0x00,
		0x60, 0x00, 0x00, 0x00,
		0x4B, 0xFF, 0xFF, 0xE4,
		0x90, 0x8A, 0x00, 0x04,
		0x90, 0x6A, 0x00, 0x00,
		0x4B, 0xFF, 0xFF, 0xC0,
		0x38, 0xC6, 0x00, 0x04,
		0x4B, 0xFF, 0xD4, 0x3C,
		0x60, 0x00, 0x00, 0x00,
		0x60, 0x00, 0x00, 0x00,
		0x60, 0x00, 0x00, 0x00,
		0x60, 0x00, 0x00, 0x00,
		0x60, 0x00, 0x00, 0x00,
		0x60, 0x00, 0x00, 0x00};
	static const unsigned int generalCodeHandlerLength = 0x2D7C;
} // namespace TcpGecko
